100.07628	542.6	1.6%	[100.07569, 4.429e-05, 'b(V)']	[100.07569, 4.429e-05, 'y(V)-H2O']
101.07154	42404.6	80.2%	[101.07094, 5.696e-05, 'IQ']	[101.07094, 5.696e-05, 'a(AG)']
101.10789	2136.3	10.8%	[101.10732, 2.706e-05, 'IK']
102.05555	45247.5	81.0%	[102.05495, 5.963e-05, 'IE']	[102.05495, 5.963e-05, 'b(T)']	[102.05495, 5.963e-05, 'y(T)-H2O']
103.05476	2851.0	11.5%	[103.05423, -7.62e-06, 'IF-NH3']
104.05342	32631.4	63.3%	[104.05285, 3.517e-05, 'IM']
105.06642	1913.6	5.3%	[105.06585, 3.452e-05, 'C3H8N2O2']
106.0492	572.3	2.4%	[106.04853, 0.0001444, 'CH5N4O2']
110.07183	65893.6	82.9%	[110.07127, 4.25e-05, 'IH']
111.07528	1413.1	7.6%	[111.07467, 9.546e-05, 'IH+i']
112.0874	5518.0	30.2%	[112.08692, -3.154e-05, 'IR-NH3']
113.07143	2931.7	13.1%	[113.07094, -1.861e-05, 'a(AS)-H2O']	[113.07094, -1.861e-05, 'a(GT)-H2O']
114.05549	533.4	1.6%	[114.05495, 3.433e-05, 'a(AS)-NH3']	[114.05495, 3.433e-05, 'a(GT)-NH3']
115.05072	1560.7	6.5%	[115.0502, 1.73e-05, 'b(N)']	[115.0502, 1.73e-05, 'b(GG)']	[115.0502, 1.73e-05, 'y(N)-H2O']	[115.0502, 1.73e-05, 'y(GG)-H2O']
115.0871	8870.1	39.6%	[115.08659, 7.41e-06, 'a(AA)']
116.01695	499.9	2.5%	[116.01646, -9.8e-06, 'IC[Carbamidomethyl]-NH3']	[116.01646, -9.8e-06, 'a(CG)-NH3']
116.07109	5686.9	27.2%	[116.0706, -9.64e-06, 'y(P)']	[116.0706, -9.64e-06, 'IR+H2O+H2O-N3H7']
117.06633	713.6	2.5%	[117.06585, -1.665e-05, 'a(GS)']
117.10275	909.4	3.0%	[117.10224, 1.444e-05, 'C5H12N2O']
119.04961	2853.7	13.6%	[119.04914, -2.07e-05, 'IY-NH3']
119.08201	1288.5	3.5%	[119.0815, 1.583e-05, 'C4H10N2O2']
120.0724	531.0	1.6%
120.08129	117193.8	84.6%	[120.08078, 2.239e-05, 'IF']
120.09034	476.7	1.2%
121.08468	9631.3	36.4%	[121.08418, 1.54e-05, 'IF+i']
126.05539	1769.4	8.8%	[126.05495, -2.987e-05, 'b(AA)-NH3']	[126.05495, -2.987e-05, 'y(AA)-H2O-NH3']	[126.05495, -2.987e-05, 'a(ST)-H2O-NH3']
127.05062	1405.5	6.3%	[127.0502, -4.696e-05, 'a(DG)-H2O']	[127.0502, -4.696e-05, 'a(GN)-NH3']	[127.0502, -4.696e-05, 'b(GS)-H2O']	[127.0502, -4.696e-05, 'a(GGG)-NH3']
127.087	5914.1	23.0%	[127.08659, -5.685e-05, 'a(GP)']	[127.08659, -5.685e-05, 'a(AT)-H2O']
128.10739	1312.4	5.2%
129.06627	11698.0	50.2%	[129.06585, -4.112e-05, 'IQ+CO']	[129.06585, -4.112e-05, 'b(Q)']	[129.06585, -4.112e-05, 'b(AG)']	[129.06585, -4.112e-05, 'y(Q)-H2O']	[129.06585, -4.112e-05, 'y(AG)-H2O']	[129.06585, -4.112e-05, 'a(SS)-H2O']
129.09281	612.9	2.1%
129.10268	103895.8	95.4%	[129.10224, -2.101e-05, 'IK+CO']	[129.10224, -2.101e-05, 'b(K)']	[129.10224, -2.101e-05, 'a(GV)']	[129.10224, -2.101e-05, 'IK+CO+H2O-H2O']	[129.10224, -2.101e-05, 'y(K)-H2O']
129.11291	1116.3	5.1%	[129.11347, -0.00102098, 'IR']
130.05026	2479.1	15.7%	[130.04987, -6.83e-05, 'b(E)']	[130.04987, -6.83e-05, 'y(E)-H2O']	[130.04987, -6.83e-05, 'y(Q)-NH3']	[130.04987, -6.83e-05, 'y(AG)-NH3']	[130.04987, -6.83e-05, 'a(SS)-NH3']
130.06557	5843.4	25.7%	[130.06513, -1.825e-05, 'IW-CH3N']	[130.06513, -1.825e-05, 'b(F)-H2O']
130.08672	35605.5	83.8%	[130.08626, 1.81e-06, 'IK+CO+H2O-NH3']	[130.08626, 1.81e-06, 'y(K)-NH3']
130.10599	3382.5	23.9%	[130.10564, -0.00010814, 'b(K)+i']	[130.10564, -0.00010814, 'y(K)+i-H2O']
131.08178	2985.5	11.5%	[131.0815, -0.00017536, 'a(AS)']	[131.0815, -0.00017536, 'a(GT)']
131.11828	3409.4	12.6%
132.07717	615.4	2.2%
132.08115	2557.0	11.2%	[132.08078, -8.254e-05, 'IW-CHN']	[132.08078, -8.254e-05, 'a(PP)-H2O-NH3']
133.04341	6150.3	24.5%	[133.04301, -4.986e-05, 'IC[Carbamidomethyl]']	[133.04301, -4.986e-05, 'a(CG)']
133.06114	2140.5	9.1%	[133.06077, -7.981e-05, 'y(N)']	[133.06077, -7.981e-05, 'y(GG)']
133.08627	435.8	2.1%
136.0622	580.2	2.3%
136.0761	78078.0	87.8%	[136.07569, -3.155e-05, 'IY']	[136.07569, -3.155e-05, 'b(AV)-H2O-NH3']	[136.07569, -3.155e-05, 'b(GI)-H2O-NH3']	[136.07569, -3.155e-05, 'b(GL)-H2O-NH3']	[136.07569, -3.155e-05, 'a(PT)-H2O-NH3']
137.07952	5206.8	29.1%	[137.07909, -8.86e-06, 'IY+i']
138.05533	599.3	2.8%	[138.05495, -5.628e-05, 'a(AE)-H2O-NH3']	[138.05495, -5.628e-05, 'b(AT)-H2O-NH3']	[138.05495, -5.628e-05, 'b(GP)-NH3']	[138.05495, -5.628e-05, 'y(GP)-H2O-NH3']
138.06654	952.4	5.9%	[138.06619, -8.625e-05, 'b(H)']	[138.06619, -8.625e-05, 'IH+CO+H2O-H2O']	[138.06619, -8.625e-05, 'y(H)-H2O']
140.07098	848.1	3.6%	[140.0706, -5.104e-05, 'b(GV)-NH3']	[140.0706, -5.104e-05, 'y(GV)-H2O-NH3']	[140.0706, -5.104e-05, 'a(PS)-NH3']	[140.0706, -5.104e-05, 'a(TT)-H2O-NH3']
141.06618	3709.3	21.1%	[141.06585, -9.851e-05, 'a(AD)-H2O']	[141.06585, -9.851e-05, 'a(AN)-NH3']	[141.06585, -9.851e-05, 'b(AS)-H2O']	[141.06585, -9.851e-05, 'a(EG)-H2O']	[141.06585, -9.851e-05, 'a(GQ)-NH3']	[141.06585, -9.851e-05, 'b(GT)-H2O']	[141.06585, -9.851e-05, 'a(AGG)-NH3']
141.1026	7205.7	32.4%	[141.10224, -6.842e-05, 'a(AP)']	[141.10224, -6.842e-05, 'a(GK)-NH3']	[141.10224, -6.842e-05, 'a(SV)-H2O']
142.12305	1185.9	4.9%
143.08193	3939.1	17.8%	[143.0815, 6.5e-06, 'b(AA)']	[143.0815, 6.5e-06, 'y(AA)-H2O']	[143.0815, 6.5e-06, 'a(ST)-H2O']
143.11826	16611.7	54.1%	[143.11789, -5.341e-05, 'a(AV)']	[143.11789, -5.341e-05, 'a(GI)']	[143.11789, -5.341e-05, 'a(GL)']
144.06589	491.0	2.0%	[144.06552, -5.111e-05, 'y(AA)-NH3']	[144.06552, -5.111e-05, 'a(ST)-NH3']
144.08118	750.5	2.9%
144.12176	540.0	3.8%
145.06115	1772.2	9.3%	[145.06077, -3.874e-05, 'a(DG)']	[145.06077, -3.874e-05, 'b(GS)']	[145.06077, -3.874e-05, 'y(GS)-H2O']
145.09753	2685.5	10.5%	[145.09715, -3.865e-05, 'a(AT)']
146.06378	766.5	2.7%
147.04442	734.0	3.8%	[147.04406, -5.413e-05, 'b(Y)-NH3']	[147.04406, -5.413e-05, 'y(Y)-H2O-NH3']
147.07681	1644.2	8.7%	[147.07642, -2.405e-05, 'y(Q)']	[147.07642, -2.405e-05, 'y(AG)']	[147.07642, -2.405e-05, 'a(SS)']
147.1008	700.0	2.7%
147.11318	62967.3	92.5%	[147.1128, -3.397e-05, 'IK+CO+H2O']	[147.1128, -3.397e-05, 'y(K)']
148.11656	1585.9	13.6%	[148.1162, -5.17e-05, 'y(K)+i']
149.04524	1150.2	3.8%	[149.04608, -0.00124965, 'b(M[Oxidation])+i']	[149.04608, -0.00124965, 'y(M[Oxidation])+i-H2O']
153.06618	436.6	3.3%	[153.06585, -7.119e-05, 'a(NT)-H2O-NH3']	[153.06585, -7.119e-05, 'a(QS)-H2O-NH3']	[153.06585, -7.119e-05, 'a(AGS)-H2O-NH3']	[153.06585, -7.119e-05, 'a(GGT)-H2O-NH3']
153.10257	559.6	2.8%	[153.10224, -7.112e-05, 'b(AV)-H2O']	[153.10224, -7.112e-05, 'b(GI)-H2O']	[153.10224, -7.112e-05, 'b(GL)-H2O']	[153.10224, -7.112e-05, 'a(KS)-H2O-NH3']	[153.10224, -7.112e-05, 'a(PT)-H2O']
155.08178	7437.7	40.0%	[155.0815, -0.00011724, 'b(GP)']	[155.0815, -0.00011724, 'a(AE)-H2O']	[155.0815, -0.00011724, 'a(AQ)-NH3']	[155.0815, -0.00011724, 'b(AT)-H2O']	[155.0815, -0.00011724, 'y(GP)-H2O']	[155.0815, -0.00011724, 'a(AAG)-NH3']
155.11822	2625.2	18.2%	[155.11789, -6.717e-05, 'a(AK)-NH3']	[155.11789, -6.717e-05, 'a(IS)-H2O']	[155.11789, -6.717e-05, 'a(LS)-H2O']	[155.11789, -6.717e-05, 'a(TV)-H2O']
156.07713	1386.1	7.7%	[156.07675, -1.537e-05, 'IH+CO+H2O']	[156.07675, -1.537e-05, 'y(H)']	[156.07675, -1.537e-05, 'a(NS)-H2O']	[156.07675, -1.537e-05, 'a(GGS)-H2O']
157.06112	1546.5	10.8%	[157.06077, -4.356e-05, 'a(DS)-H2O']	[157.06077, -4.356e-05, 'a(NS)-NH3']	[157.06077, -4.356e-05, 'b(SS)-H2O']	[157.06077, -4.356e-05, 'a(GGS)-NH3']
157.09739	4451.7	24.2%	[157.09715, -0.0001535, 'b(GV)']	[157.09715, -0.0001535, 'a(PS)']	[157.09715, -0.0001535, 'y(GV)-H2O']	[157.09715, -0.0001535, 'a(TT)-H2O']
157.10932	550.3	5.9%	[157.10839, 0.00053653, 'b(R)']	[157.10839, 0.00053653, 'IK+CO+H2ON2-H2O']	[157.10839, 0.00053653, 'IR+CO+H2O-H2O']	[157.10839, 0.00053653, 'y(R)-H2O']
157.13392	12088.0	45.3%	[157.13354, -1.343e-05, 'a(AI)']	[157.13354, -1.343e-05, 'a(AL)']
158.09273	7538.1	41.3%	[158.0924, -6.172e-05, 'a(AN)']	[158.0924, -6.172e-05, 'a(GQ)']	[158.0924, -6.172e-05, 'a(AGG)']	[158.0924, -6.172e-05, 'IK+CO+H2ON2-NH3']	[158.0924, -6.172e-05, 'IR+CO+H2O-NH3']	[158.0924, -6.172e-05, 'y(R)-NH3']
158.13732	509.5	3.6%
159.07691	5048.8	33.6%	[159.07642, 9.999e-05, 'a(AD)']	[159.07642, 9.999e-05, 'b(AS)']	[159.07642, 9.999e-05, 'a(EG)']	[159.07642, 9.999e-05, 'b(GT)']	[159.07642, 9.999e-05, 'y(AS)-H2O']	[159.07642, 9.999e-05, 'y(GT)-H2O']
159.09197	14481.7	48.6%	[159.09167, -8.999e-05, 'IW']	[159.09167, -8.999e-05, 'a(FG)-H2O']
159.1132	3881.7	15.2%	[159.1128, 1.005e-05, 'a(SV)']
160.09535	921.6	6.6%	[160.09507, -0.0001083, 'IW+i']
161.09245	1174.1	4.9%	[161.09207, -6.68e-06, 'y(AA)']	[161.09207, -6.68e-06, 'a(ST)']
165.10267	895.2	4.3%	[165.10224, 4.933e-05, 'b(AK)-H2O-NH3']	[165.10224, 4.933e-05, 'a(IN)-H2O-NH3']	[165.10224, 4.933e-05, 'a(LN)-H2O-NH3']	[165.10224, 4.933e-05, 'a(QV)-H2O-NH3']	[165.10224, 4.933e-05, 'a(AGV)-H2O-NH3']	[165.10224, 4.933e-05, 'a(GGI)-H2O-NH3']	[165.10224, 4.933e-05, 'a(GGL)-H2O-NH3']
166.06153	1637.8	10.1%	[166.0611, 5.064e-05, 'a(NN)-H2O-NH3']	[166.0611, 5.064e-05, 'a(GGN)-H2O-NH3']
166.08662	626.7	3.4%	[166.08626, -1.933e-05, 'y(F)']	[166.08626, -1.933e-05, 'a(DI)-H2O-NH3']	[166.08626, -1.933e-05, 'a(DL)-H2O-NH3']	[166.08626, -1.933e-05, 'a(EV)-H2O-NH3']	[166.08626, -1.933e-05, 'b(IS)-H2O-NH3']	[166.08626, -1.933e-05, 'b(LS)-H2O-NH3']	[166.08626, -1.933e-05, 'b(TV)-H2O-NH3']
167.0559	2107.2	6.5%
167.08175	2346.4	16.3%	[167.0815, -0.00012802, 'a(DP)-H2O']	[167.0815, -0.00012802, 'a(NP)-NH3']	[167.0815, -0.00012802, 'b(PS)-H2O']	[167.0815, -0.00012802, 'a(QT)-H2O-NH3']	[167.0815, -0.00012802, 'a(AAS)-H2O-NH3']	[167.0815, -0.00012802, 'a(AGT)-H2O-NH3']	[167.0815, -0.00012802, 'a(GGP)-NH3']
169.06114	1076.1	7.0%	[169.06077, -5.58e-06, 'b(AD)-H2O']	[169.06077, -5.58e-06, 'b(AN)-NH3']	[169.06077, -5.58e-06, 'y(AN)-H2O-NH3']	[169.06077, -5.58e-06, 'b(EG)-H2O']	[169.06077, -5.58e-06, 'b(GQ)-NH3']	[169.06077, -5.58e-06, 'y(GQ)-H2O-NH3']	[169.06077, -5.58e-06, 'b(AGG)-NH3']	[169.06077, -5.58e-06, 'y(AGG)-H2O-NH3']	[169.06077, -5.58e-06, 'a(GSS)-H2O-NH3']
169.09753	6039.7	33.1%	[169.09715, 4.46e-06, 'b(AP)']	[169.09715, 4.46e-06, 'y(AP)-H2O']	[169.09715, 4.46e-06, 'a(DV)-H2O']	[169.09715, 4.46e-06, 'b(GK)-NH3']	[169.09715, 4.46e-06, 'y(GK)-H2O-NH3']	[169.09715, 4.46e-06, 'a(NV)-NH3']	[169.09715, 4.46e-06, 'b(SV)-H2O']	[169.09715, 4.46e-06, 'a(AAA)-NH3']	[169.09715, 4.46e-06, 'a(GGV)-NH3']
169.13394	8817.3	38.4%	[169.13354, 2.45e-05, 'a(PV)']	[169.13354, 2.45e-05, 'a(IT)-H2O']	[169.13354, 2.45e-05, 'a(LT)-H2O']
170.06043	2162.6	11.5%	[170.06004, 1.557e-05, 'IW+CO-NH3']	[170.06004, 1.557e-05, 'b(W)-NH3']	[170.06004, 1.557e-05, 'y(W)-H2O-NH3']	[170.06004, 1.557e-05, 'b(FG)-H2O-NH3']
170.09278	477.2	2.4%	[170.0924, 5.6e-06, 'a(NT)-H2O']	[170.0924, 5.6e-06, 'a(QS)-H2O']	[170.0924, 5.6e-06, 'a(AGS)-H2O']	[170.0924, 5.6e-06, 'a(GGT)-H2O']
171.0768	3332.3	23.1%	[171.07642, 6.68e-06, 'a(DT)-H2O']	[171.07642, 6.68e-06, 'a(ES)-H2O']	[171.07642, 6.68e-06, 'a(NT)-NH3']	[171.07642, 6.68e-06, 'a(QS)-NH3']	[171.07642, 6.68e-06, 'b(ST)-H2O']	[171.07642, 6.68e-06, 'a(AGS)-NH3']	[171.07642, 6.68e-06, 'a(GGT)-NH3']
171.11319	9561.1	52.7%	[171.1128, 1.672e-05, 'b(AV)']	[171.1128, 1.672e-05, 'b(GI)']	[171.1128, 1.672e-05, 'b(GL)']	[171.1128, 1.672e-05, 'a(PT)']	[171.1128, 1.672e-05, 'y(AV)-H2O']	[171.1128, 1.672e-05, 'y(GI)-H2O']	[171.1128, 1.672e-05, 'y(GL)-H2O']	[171.1128, 1.672e-05, 'a(KS)-NH3']
171.1496	3013.2	11.0%	[171.14919, 3.676e-05, 'a(VV)']
172.07206	817.2	4.4%	[172.07167, 1.772e-05, 'b(GN)']	[172.07167, 1.772e-05, 'b(GGG)']	[172.07167, 1.772e-05, 'y(GN)-H2O']	[172.07167, 1.772e-05, 'y(GGG)-H2O']
172.10836	509.8	3.9%	[172.10805, -6.224e-05, 'a(AQ)']	[172.10805, -6.224e-05, 'a(AAG)']
172.11603	708.7	5.1%
173.05613	835.4	5.1%	[173.05568, 7.869e-05, 'b(DG)']	[173.05568, 7.869e-05, 'y(DG)-H2O']	[173.05568, 7.869e-05, 'y(GN)-NH3']	[173.05568, 7.869e-05, 'y(GGG)-NH3']
173.09253	5062.6	29.1%	[173.09207, 8.873e-05, 'a(AE)']	[173.09207, 8.873e-05, 'b(AT)']	[173.09207, 8.873e-05, 'y(GP)']	[173.09207, 8.873e-05, 'y(AT)-H2O']
173.12891	16453.0	58.7%	[173.12845, 8.876e-05, 'a(IS)']	[173.12845, 8.876e-05, 'a(LS)']	[173.12845, 8.876e-05, 'a(TV)']
174.05881	563.0	2.4%	[174.05833, 0.00010963, 'a(AM[Oxidation])-NH3']	[174.05833, 0.00010963, 'a(MS)-NH3']
174.13223	829.5	6.7%
175.0718	1110.6	6.8%	[175.07133, 0.00010052, 'a(DS)']	[175.07133, 0.00010052, 'b(SS)']	[175.07133, 0.00010052, 'y(SS)-H2O']
175.11945	44750.1	90.6%	[175.11895, 0.00013056, 'IK+CO+H2ON2']	[175.11895, 0.00013056, 'IR+CO+H2O']	[175.11895, 0.00013056, 'y(R)']
176.12246	1192.1	13.3%	[176.12235, -0.00025861, 'y(R)+i']
177.10265	1832.3	7.3%	[177.10224, 4.214e-05, 'a(FG)']	[177.10224, 4.214e-05, 'b(PP)-H2O']	[177.10224, 4.214e-05, 'a(AAP)-H2O-NH3']
181.06107	1177.4	9.7%	[181.06077, -6.533e-05, 'a(DQ)-H2O-NH3']	[181.06077, -6.533e-05, 'a(EN)-H2O-NH3']	[181.06077, -6.533e-05, 'b(NT)-H2O-NH3']	[181.06077, -6.533e-05, 'b(QS)-H2O-NH3']	[181.06077, -6.533e-05, 'a(ADG)-H2O-NH3']	[181.06077, -6.533e-05, 'b(AGS)-H2O-NH3']	[181.06077, -6.533e-05, 'a(EGG)-H2O-NH3']	[181.06077, -6.533e-05, 'b(GGT)-H2O-NH3']
181.09746	1798.0	11.6%	[181.09715, -5.531e-05, 'a(DK)-H2O-NH3']	[181.09715, -5.531e-05, 'a(EP)-H2O']	[181.09715, -5.531e-05, 'b(KS)-H2O-NH3']	[181.09715, -5.531e-05, 'a(PQ)-NH3']	[181.09715, -5.531e-05, 'b(PT)-H2O']	[181.09715, -5.531e-05, 'a(AAT)-H2O-NH3']	[181.09715, -5.531e-05, 'a(AGP)-NH3']	[181.09715, -5.531e-05, 'a(GSV)-H2O-NH3']
183.07684	1439.3	9.7%	[183.07642, 5.564e-05, 'b(AE)-H2O']	[183.07642, 5.564e-05, 'b(AQ)-NH3']	[183.07642, 5.564e-05, 'y(AQ)-H2O-NH3']	[183.07642, 5.564e-05, 'a(ASS)-H2O-NH3']	[183.07642, 5.564e-05, 'b(AAG)-NH3']	[183.07642, 5.564e-05, 'y(AAG)-H2O-NH3']	[183.07642, 5.564e-05, 'a(GST)-H2O-NH3']
183.11322	7656.9	45.6%	[183.1128, 5.566e-05, 'b(AK)-NH3']	[183.1128, 5.566e-05, 'y(AK)-H2O-NH3']	[183.1128, 5.566e-05, 'a(DI)-H2O']	[183.1128, 5.566e-05, 'a(DL)-H2O']	[183.1128, 5.566e-05, 'a(EV)-H2O']	[183.1128, 5.566e-05, 'a(IN)-NH3']	[183.1128, 5.566e-05, 'b(IS)-H2O']	[183.1128, 5.566e-05, 'a(LN)-NH3']	[183.1128, 5.566e-05, 'b(LS)-H2O']	[183.1128, 5.566e-05, 'a(QV)-NH3']	[183.1128, 5.566e-05, 'b(TV)-H2O']	[183.1128, 5.566e-05, 'a(AGV)-NH3']	[183.1128, 5.566e-05, 'a(GGI)-NH3']	[183.1128, 5.566e-05, 'a(GGL)-NH3']
183.14961	6748.1	37.7%	[183.14919, 5.568e-05, 'a(IP)']	[183.14919, 5.568e-05, 'a(LP)']	[183.14919, 5.568e-05, 'a(KV)-NH3']
184.07208	437.2	3.4%	[184.07167, 4.605e-05, 'a(DN)-H2O']	[184.07167, 4.605e-05, 'a(NN)-NH3']	[184.07167, 4.605e-05, 'b(NS)-H2O']	[184.07167, 4.605e-05, 'a(DGG)-H2O']	[184.07167, 4.605e-05, 'a(GGN)-NH3']	[184.07167, 4.605e-05, 'b(GGS)-H2O']
184.10847	510.0	3.8%	[184.10805, 5.606e-05, 'a(NP)']	[184.10805, 5.606e-05, 'a(GGP)']	[184.10805, 5.606e-05, 'a(QT)-H2O']	[184.10805, 5.606e-05, 'a(AAS)-H2O']	[184.10805, 5.606e-05, 'a(AGT)-H2O']
185.05608	1126.7	7.9%	[185.05568, 3.639e-05, 'a(DD)-H2O']	[185.05568, 3.639e-05, 'a(DN)-NH3']	[185.05568, 3.639e-05, 'b(DS)-H2O']	[185.05568, 3.639e-05, 'b(NS)-NH3']	[185.05568, 3.639e-05, 'y(NS)-H2O-NH3']	[185.05568, 3.639e-05, 'a(DGG)-NH3']	[185.05568, 3.639e-05, 'b(GGS)-NH3']	[185.05568, 3.639e-05, 'y(GGS)-H2O-NH3']
185.09242	5404.2	34.5%	[185.09207, -1.359e-05, 'a(DP)']	[185.09207, -1.359e-05, 'b(PS)']	[185.09207, -1.359e-05, 'a(ET)-H2O']	[185.09207, -1.359e-05, 'y(PS)-H2O']	[185.09207, -1.359e-05, 'a(QT)-NH3']	[185.09207, -1.359e-05, 'b(TT)-H2O']	[185.09207, -1.359e-05, 'a(AAS)-NH3']	[185.09207, -1.359e-05, 'a(AGT)-NH3']
185.12889	7349.2	38.4%	[185.12845, 7.642e-05, 'b(AI)']	[185.12845, 7.642e-05, 'b(AL)']	[185.12845, 7.642e-05, 'y(AI)-H2O']	[185.12845, 7.642e-05, 'y(AL)-H2O']	[185.12845, 7.642e-05, 'a(KT)-NH3']
185.16532	12469.6	47.2%	[185.16484, 0.00011643, 'a(IV)']	[185.16484, 0.00011643, 'a(LV)']
186.08779	2449.8	17.8%	[186.08732, 0.00010671, 'b(AN)']	[186.08732, 0.00010671, 'b(GQ)']	[186.08732, 0.00010671, 'b(AGG)']	[186.08732, 0.00010671, 'y(AN)-H2O']	[186.08732, 0.00010671, 'y(GQ)-H2O']	[186.08732, 0.00010671, 'y(AGG)-H2O']	[186.08732, 0.00010671, 'a(GSS)-H2O']
186.12412	3022.6	17.9%	[186.1237, 5.672e-05, 'b(GK)']	[186.1237, 5.672e-05, 'a(NV)']	[186.1237, 5.672e-05, 'a(AAA)']	[186.1237, 5.672e-05, 'a(GGV)']	[186.1237, 5.672e-05, 'y(GK)-H2O']
186.16859	835.3	6.0%
187.07164	3210.6	23.0%	[187.07133, -5.304e-05, 'b(AD)']	[187.07133, -5.304e-05, 'b(EG)']	[187.07133, -5.304e-05, 'y(AD)-H2O']	[187.07133, -5.304e-05, 'y(AN)-NH3']	[187.07133, -5.304e-05, 'y(EG)-H2O']	[187.07133, -5.304e-05, 'y(GQ)-NH3']	[187.07133, -5.304e-05, 'y(AGG)-NH3']	[187.07133, -5.304e-05, 'a(GSS)-NH3']
187.08748	853.0	7.1%	[187.08659, 0.00052696, 'IW+CO']	[187.08659, 0.00052696, 'b(W)']	[187.08659, 0.00052696, 'y(W)-H2O']	[187.08659, 0.00052696, 'b(FG)-H2O']
187.10808	5318.3	30.1%	[187.10772, -3.04e-06, 'y(AP)']	[187.10772, -3.04e-06, 'a(DV)']	[187.10772, -3.04e-06, 'b(SV)']	[187.10772, -3.04e-06, 'y(GK)-NH3']	[187.10772, -3.04e-06, 'y(SV)-H2O']
187.14455	8224.6	41.0%	[187.1441, 8.697e-05, 'a(IT)']	[187.1441, 8.697e-05, 'a(LT)']
188.14783	583.9	4.3%
189.06965	444.3	3.1%	[189.06923, 5.732e-05, 'b(GM)']	[189.06923, 5.732e-05, 'y(GM)-H2O']	[189.06923, 5.732e-05, 'a(M[Oxidation]S)-H2O']
189.08733	2877.8	17.5%	[189.08698, -1.268e-05, 'a(DT)']	[189.08698, -1.268e-05, 'a(ES)']	[189.08698, -1.268e-05, 'b(ST)']	[189.08698, -1.268e-05, 'y(ST)-H2O']
191.08527	661.7	2.9%	[191.08488, 2.748e-05, 'a(AM[Oxidation])']	[191.08488, 2.748e-05, 'a(MS)']
191.11833	1906.3	8.8%	[191.11789, 7.748e-05, 'a(AF)']	[191.11789, 7.748e-05, 'b(KP)-H2O-NH3']	[191.11789, 7.748e-05, 'a(GPV)-H2O-NH3']
193.09757	1046.3	5.6%	[193.09715, 5.746e-05, 'a(GY)']	[193.09715, 5.746e-05, 'b(IN)-H2O-NH3']	[193.09715, 5.746e-05, 'b(LN)-H2O-NH3']	[193.09715, 5.746e-05, 'b(QV)-H2O-NH3']	[193.09715, 5.746e-05, 'a(APS)-H2O-NH3']	[193.09715, 5.746e-05, 'b(AGV)-H2O-NH3']	[193.09715, 5.746e-05, 'a(GPT)-H2O-NH3']	[193.09715, 5.746e-05, 'b(GGI)-H2O-NH3']	[193.09715, 5.746e-05, 'b(GGL)-H2O-NH3']
195.07663	903.5	8.1%	[195.07642, -0.00015274, 'b(DP)-H2O']	[195.07642, -0.00015274, 'a(EQ)-H2O-NH3']	[195.07642, -0.00015274, 'b(NP)-NH3']	[195.07642, -0.00015274, 'y(NP)-H2O-NH3']	[195.07642, -0.00015274, 'b(QT)-H2O-NH3']	[195.07642, -0.00015274, 'a(AAD)-H2O-NH3']	[195.07642, -0.00015274, 'a(AEG)-H2O-NH3']	[195.07642, -0.00015274, 'b(AAS)-H2O-NH3']	[195.07642, -0.00015274, 'b(AGT)-H2O-NH3']	[195.07642, -0.00015274, 'b(GGP)-NH3']	[195.07642, -0.00015274, 'y(GGP)-H2O-NH3']
195.08836	615.9	4.7%	[195.08765, 0.00034726, 'b(GH)']	[195.08765, 0.00034726, 'y(GH)-H2O']
196.14486	761.2	4.2%	[196.14444, 5.708e-05, 'a(IQ)-H2O']	[196.14444, 5.708e-05, 'a(LQ)-H2O']	[196.14444, 5.708e-05, 'a(AAV)-H2O']	[196.14444, 5.708e-05, 'a(AGI)-H2O']	[196.14444, 5.708e-05, 'a(AGL)-H2O']
197.12888	10582.5	56.5%	[197.12845, 6.688e-05, 'b(PV)']	[197.12845, 6.688e-05, 'a(EI)-H2O']	[197.12845, 6.688e-05, 'a(EL)-H2O']	[197.12845, 6.688e-05, 'a(IQ)-NH3']	[197.12845, 6.688e-05, 'b(IT)-H2O']	[197.12845, 6.688e-05, 'a(LQ)-NH3']	[197.12845, 6.688e-05, 'b(LT)-H2O']	[197.12845, 6.688e-05, 'y(PV)-H2O']	[197.12845, 6.688e-05, 'a(AAV)-NH3']	[197.12845, 6.688e-05, 'a(AGI)-NH3']	[197.12845, 6.688e-05, 'a(AGL)-NH3']
198.08772	1140.8	10.3%	[198.08732, 3.664e-05, 'a(DQ)-H2O']	[198.08732, 3.664e-05, 'a(EN)-H2O']	[198.08732, 3.664e-05, 'a(NQ)-NH3']	[198.08732, 3.664e-05, 'b(NT)-H2O']	[198.08732, 3.664e-05, 'b(QS)-H2O']	[198.08732, 3.664e-05, 'a(ADG)-H2O']	[198.08732, 3.664e-05, 'a(AGN)-NH3']	[198.08732, 3.664e-05, 'b(AGS)-H2O']	[198.08732, 3.664e-05, 'a(EGG)-H2O']	[198.08732, 3.664e-05, 'a(GGQ)-NH3']	[198.08732, 3.664e-05, 'b(GGT)-H2O']
199.07171	2277.9	20.6%	[199.07133, 1.635e-05, 'a(DE)-H2O']	[199.07133, 1.635e-05, 'a(DQ)-NH3']	[199.07133, 1.635e-05, 'b(DT)-H2O']	[199.07133, 1.635e-05, 'a(EN)-NH3']	[199.07133, 1.635e-05, 'b(ES)-H2O']	[199.07133, 1.635e-05, 'b(NT)-NH3']	[199.07133, 1.635e-05, 'y(NT)-H2O-NH3']	[199.07133, 1.635e-05, 'b(QS)-NH3']	[199.07133, 1.635e-05, 'y(QS)-H2O-NH3']	[199.07133, 1.635e-05, 'a(ADG)-NH3']	[199.07133, 1.635e-05, 'b(AGS)-NH3']	[199.07133, 1.635e-05, 'y(AGS)-H2O-NH3']	[199.07133, 1.635e-05, 'a(EGG)-NH3']	[199.07133, 1.635e-05, 'b(GGT)-NH3']	[199.07133, 1.635e-05, 'y(GGT)-H2O-NH3']	[199.07133, 1.635e-05, 'a(SSS)-H2O-NH3']
199.10809	3161.8	24.4%	[199.10772, 6.34e-06, 'a(EP)']	[199.10772, 6.34e-06, 'b(PT)']	[199.10772, 6.34e-06, 'a(DK)-NH3']	[199.10772, 6.34e-06, 'b(KS)-NH3']	[199.10772, 6.34e-06, 'y(KS)-H2O-NH3']	[199.10772, 6.34e-06, 'y(PT)-H2O']	[199.10772, 6.34e-06, 'a(AAT)-NH3']	[199.10772, 6.34e-06, 'a(GSV)-NH3']
199.14458	1062.0	6.3%	[199.1441, 0.00011633, 'b(VV)']	[199.1441, 0.00011633, 'y(VV)-H2O']
199.18092	10979.0	47.8%	[199.18049, 6.632e-05, 'a(II)']	[199.18049, 6.632e-05, 'a(IL)']	[199.18049, 6.632e-05, 'a(LL)']
200.10349	2155.4	14.7%	[200.10297, 0.00015601, 'b(AQ)']	[200.10297, 0.00015601, 'b(AAG)']	[200.10297, 0.00015601, 'y(AQ)-H2O']	[200.10297, 0.00015601, 'a(ASS)-H2O']	[200.10297, 0.00015601, 'y(AAG)-H2O']	[200.10297, 0.00015601, 'a(GST)-H2O']
200.13977	4635.0	33.5%	[200.13935, 5.6e-05, 'b(AK)']	[200.13935, 5.6e-05, 'a(IN)']	[200.13935, 5.6e-05, 'a(LN)']	[200.13935, 5.6e-05, 'a(QV)']	[200.13935, 5.6e-05, 'a(AGV)']	[200.13935, 5.6e-05, 'a(GGI)']	[200.13935, 5.6e-05, 'a(GGL)']	[200.13935, 5.6e-05, 'y(AK)-H2O']
200.18418	982.3	7.5%
201.08753	2722.8	20.0%	[201.08698, 0.00018565, 'b(AE)']	[201.08698, 0.00018565, 'y(AE)-H2O']	[201.08698, 0.00018565, 'y(AQ)-NH3']	[201.08698, 0.00018565, 'a(ASS)-NH3']	[201.08698, 0.00018565, 'y(AAG)-NH3']	[201.08698, 0.00018565, 'a(GST)-NH3']
201.10567	456.5	4.3%	[201.10561, -0.00030436, 'a(MP)']	[201.10561, -0.00030436, 'a(M[Oxidation]V)-H2O']
201.12381	18977.4	73.3%	[201.12337, 7.564e-05, 'a(DI)']	[201.12337, 7.564e-05, 'a(DL)']	[201.12337, 7.564e-05, 'a(EV)']	[201.12337, 7.564e-05, 'b(IS)']	[201.12337, 7.564e-05, 'b(LS)']	[201.12337, 7.564e-05, 'b(TV)']	[201.12337, 7.564e-05, 'y(AK)-NH3']	[201.12337, 7.564e-05, 'y(IS)-H2O']	[201.12337, 7.564e-05, 'y(LS)-H2O']	[201.12337, 7.564e-05, 'y(TV)-H2O']
202.08274	1232.1	9.2%	[202.08223, 0.00014525, 'a(DN)']	[202.08223, 0.00014525, 'b(NS)']	[202.08223, 0.00014525, 'a(DGG)']	[202.08223, 0.00014525, 'b(GGS)']	[202.08223, 0.00014525, 'y(NS)-H2O']	[202.08223, 0.00014525, 'y(GGS)-H2O']
202.12696	1005.0	10.3%
203.06656	943.3	7.5%	[203.06625, -5.519e-05, 'a(DD)']	[203.06625, -5.519e-05, 'b(DS)']	[203.06625, -5.519e-05, 'y(DS)-H2O']	[203.06625, -5.519e-05, 'y(NS)-NH3']	[203.06625, -5.519e-05, 'y(GGS)-NH3']
203.08523	644.8	4.4%	[203.08488, -1.519e-05, 'b(AM)']	[203.08488, -1.519e-05, 'b(CV)']	[203.08488, -1.519e-05, 'y(AM)-H2O']	[203.08488, -1.519e-05, 'y(CV)-H2O']	[203.08488, -1.519e-05, 'a(M[Oxidation]T)-H2O']
203.10302	1542.7	9.9%	[203.10263, 2.48e-05, 'a(ET)']	[203.10263, 2.48e-05, 'y(PS)']	[203.10263, 2.48e-05, 'b(TT)']	[203.10263, 2.48e-05, 'y(TT)-H2O']
204.13471	3586.2	20.2%	[204.13427, 7.431e-05, 'y(GK)']
205.09767	1143.1	7.3%	[205.09715, 0.00015381, 'y(W)']	[205.09715, 0.00015381, 'b(FG)']	[205.09715, 0.00015381, 'y(FG)-H2O']	[205.09715, 0.00015381, 'a(SY)-H2O']	[205.09715, 0.00015381, 'b(AAP)-H2O-NH3']
207.11321	3465.1	18.2%	[207.1128, 4.269e-05, 'a(AY)']	[207.1128, 4.269e-05, 'a(FS)']	[207.1128, 4.269e-05, 'b(IQ)-H2O-NH3']	[207.1128, 4.269e-05, 'b(LQ)-H2O-NH3']	[207.1128, 4.269e-05, 'a(APT)-H2O-NH3']	[207.1128, 4.269e-05, 'b(AAV)-H2O-NH3']	[207.1128, 4.269e-05, 'b(AGI)-H2O-NH3']	[207.1128, 4.269e-05, 'b(AGL)-H2O-NH3']	[207.1128, 4.269e-05, 'a(GPP)-NH3']
209.0923	756.9	6.0%	[209.09207, -0.00013853, 'b(DK)-H2O-NH3']	[209.09207, -0.00013853, 'b(EP)-H2O']	[209.09207, -0.00013853, 'b(PQ)-NH3']	[209.09207, -0.00013853, 'y(PQ)-H2O-NH3']	[209.09207, -0.00013853, 'a(AAE)-H2O-NH3']	[209.09207, -0.00013853, 'b(AAT)-H2O-NH3']	[209.09207, -0.00013853, 'b(AGP)-NH3']	[209.09207, -0.00013853, 'y(AGP)-H2O-NH3']	[209.09207, -0.00013853, 'a(DGV)-H2O-NH3']	[209.09207, -0.00013853, 'b(GSV)-H2O-NH3']	[209.09207, -0.00013853, 'a(PSS)-H2O-NH3']
209.10384	590.4	4.6%	[209.1033, 0.00017146, 'b(AH)']	[209.1033, 0.00017146, 'y(AH)-H2O']	[209.1033, 0.00017146, 'a(DR)-H2O-NH3']	[209.1033, 0.00017146, 'b(RS)-H2O-NH3']
209.14014	444.7	2.7%	[209.13969, 8.144e-05, 'a(HV)']	[209.13969, 8.144e-05, 'a(PR)-NH3']
211.10805	1146.0	9.6%	[211.10772, -3.988e-05, 'b(DI)-H2O']	[211.10772, -3.988e-05, 'b(DL)-H2O']	[211.10772, -3.988e-05, 'b(EV)-H2O']	[211.10772, -3.988e-05, 'b(IN)-NH3']	[211.10772, -3.988e-05, 'y(IN)-H2O-NH3']	[211.10772, -3.988e-05, 'b(LN)-NH3']	[211.10772, -3.988e-05, 'y(LN)-H2O-NH3']	[211.10772, -3.988e-05, 'b(QV)-NH3']	[211.10772, -3.988e-05, 'y(QV)-H2O-NH3']	[211.10772, -3.988e-05, 'a(APS)-NH3']	[211.10772, -3.988e-05, 'a(ATT)-H2O-NH3']	[211.10772, -3.988e-05, 'b(AGV)-NH3']	[211.10772, -3.988e-05, 'y(AGV)-H2O-NH3']	[211.10772, -3.988e-05, 'a(GPT)-NH3']	[211.10772, -3.988e-05, 'b(GGI)-NH3']	[211.10772, -3.988e-05, 'b(GGL)-NH3']	[211.10772, -3.988e-05, 'y(GGI)-H2O-NH3']	[211.10772, -3.988e-05, 'y(GGL)-H2O-NH3']	[211.10772, -3.988e-05, 'a(SSV)-H2O-NH3']
211.14446	4047.4	28.6%	[211.1441, -9.91e-06, 'b(IP)']	[211.1441, -9.91e-06, 'b(LP)']	[211.1441, -9.91e-06, 'y(IP)-H2O']	[211.1441, -9.91e-06, 'b(KV)-NH3']	[211.1441, -9.91e-06, 'y(KV)-H2O-NH3']	[211.1441, -9.91e-06, 'y(LP)-H2O']	[211.1441, -9.91e-06, 'a(AAI)-NH3']	[211.1441, -9.91e-06, 'a(AAL)-NH3']	[211.1441, -9.91e-06, 'a(GVV)-NH3']
212.10335	2785.3	23.8%	[212.10297, 9.41e-06, 'b(NP)']	[212.10297, 9.41e-06, 'b(GGP)']	[212.10297, 9.41e-06, 'a(EQ)-H2O']	[212.10297, 9.41e-06, 'y(NP)-H2O']	[212.10297, 9.41e-06, 'a(QQ)-NH3']	[212.10297, 9.41e-06, 'b(QT)-H2O']	[212.10297, 9.41e-06, 'a(AAD)-H2O']	[212.10297, 9.41e-06, 'a(AAN)-NH3']	[212.10297, 9.41e-06, 'a(AEG)-H2O']	[212.10297, 9.41e-06, 'a(AGQ)-NH3']	[212.10297, 9.41e-06, 'b(AAS)-H2O']	[212.10297, 9.41e-06, 'b(AGT)-H2O']	[212.10297, 9.41e-06, 'y(GGP)-H2O']
213.08733	3600.3	30.1%	[213.08698, -2.13e-05, 'b(DP)']	[213.08698, -2.13e-05, 'y(DP)-H2O']	[213.08698, -2.13e-05, 'a(EE)-H2O']	[213.08698, -2.13e-05, 'a(EQ)-NH3']	[213.08698, -2.13e-05, 'b(ET)-H2O']	[213.08698, -2.13e-05, 'y(NP)-NH3']	[213.08698, -2.13e-05, 'b(QT)-NH3']	[213.08698, -2.13e-05, 'y(QT)-H2O-NH3']	[213.08698, -2.13e-05, 'a(AAD)-NH3']	[213.08698, -2.13e-05, 'a(AEG)-NH3']	[213.08698, -2.13e-05, 'b(AAS)-NH3']	[213.08698, -2.13e-05, 'b(AGT)-NH3']	[213.08698, -2.13e-05, 'y(AAS)-H2O-NH3']	[213.08698, -2.13e-05, 'y(AGT)-H2O-NH3']	[213.08698, -2.13e-05, 'y(GGP)-NH3']	[213.08698, -2.13e-05, 'a(SST)-H2O-NH3']
213.16016	4740.3	32.4%	[213.15975, 3.864e-05, 'b(IV)']	[213.15975, 3.864e-05, 'b(LV)']	[213.15975, 3.864e-05, 'y(IV)-H2O']	[213.15975, 3.864e-05, 'y(LV)-H2O']
214.11902	1522.1	11.8%	[214.11862, 2.792e-05, 'b(NV)']	[214.11862, 2.792e-05, 'b(AAA)']	[214.11862, 2.792e-05, 'a(GPS)']	[214.11862, 2.792e-05, 'b(GGV)']	[214.11862, 2.792e-05, 'y(NV)-H2O']	[214.11862, 2.792e-05, 'a(AST)-H2O']	[214.11862, 2.792e-05, 'y(AAA)-H2O']	[214.11862, 2.792e-05, 'a(GTT)-H2O']	[214.11862, 2.792e-05, 'y(GGV)-H2O']
214.15541	1361.3	9.1%	[214.155, 3.789e-05, 'a(IQ)']	[214.155, 3.789e-05, 'a(LQ)']	[214.155, 3.789e-05, 'a(AAV)']	[214.155, 3.789e-05, 'a(AGI)']	[214.155, 3.789e-05, 'a(AGL)']
215.10308	1123.1	8.5%	[215.10263, 7.716e-05, 'b(DV)']	[215.10263, 7.716e-05, 'y(DV)-H2O']	[215.10263, 7.716e-05, 'y(NV)-NH3']	[215.10263, 7.716e-05, 'a(AST)-NH3']	[215.10263, 7.716e-05, 'y(AAA)-NH3']	[215.10263, 7.716e-05, 'a(GTT)-NH3']	[215.10263, 7.716e-05, 'y(GGV)-NH3']
215.13947	12000.6	58.8%	[215.13902, 7.714e-05, 'a(EI)']	[215.13902, 7.714e-05, 'a(EL)']	[215.13902, 7.714e-05, 'b(IT)']	[215.13902, 7.714e-05, 'b(LT)']	[215.13902, 7.714e-05, 'y(PV)']	[215.13902, 7.714e-05, 'y(IT)-H2O']	[215.13902, 7.714e-05, 'y(LT)-H2O']
216.0983	3263.0	24.5%	[216.09788, 4.638e-05, 'a(DQ)']	[216.09788, 4.638e-05, 'a(EN)']	[216.09788, 4.638e-05, 'b(NT)']	[216.09788, 4.638e-05, 'b(QS)']	[216.09788, 4.638e-05, 'a(ADG)']	[216.09788, 4.638e-05, 'b(AGS)']	[216.09788, 4.638e-05, 'a(EGG)']	[216.09788, 4.638e-05, 'b(GGT)']	[216.09788, 4.638e-05, 'y(NT)-H2O']	[216.09788, 4.638e-05, 'y(QS)-H2O']	[216.09788, 4.638e-05, 'y(AGS)-H2O']	[216.09788, 4.638e-05, 'y(GGT)-H2O']	[216.09788, 4.638e-05, 'a(SSS)-H2O']
216.13483	590.6	6.3%	[216.13427, 0.00018635, 'a(DK)']	[216.13427, 0.00018635, 'b(KS)']	[216.13427, 0.00018635, 'a(AAT)']	[216.13427, 0.00018635, 'a(GSV)']	[216.13427, 0.00018635, 'y(KS)-H2O']
216.14235	467.9	5.3%
217.08213	2871.3	22.2%	[217.0819, -0.00014441, 'a(DE)']	[217.0819, -0.00014441, 'b(DT)']	[217.0819, -0.00014441, 'b(ES)']	[217.0819, -0.00014441, 'y(DT)-H2O']	[217.0819, -0.00014441, 'y(ES)-H2O']	[217.0819, -0.00014441, 'y(NT)-NH3']	[217.0819, -0.00014441, 'y(QS)-NH3']	[217.0819, -0.00014441, 'y(AGS)-NH3']	[217.0819, -0.00014441, 'y(GGT)-NH3']	[217.0819, -0.00014441, 'a(SSS)-NH3']	[217.08277, -0.00101441, 'a(MM)-H2O']
218.15038	2376.7	15.4%	[218.14992, 8.472e-05, 'y(AK)']
219.08025	878.6	5.2%	[219.07979, 8.395e-05, 'b(AM[Oxidation])']	[219.07979, 8.395e-05, 'y(CP)']	[219.07979, 8.395e-05, 'a(DM)']	[219.07979, 8.395e-05, 'b(MS)']	[219.07979, 8.395e-05, 'y(AM[Oxidation])-H2O']	[219.07979, 8.395e-05, 'y(MS)-H2O']
219.1133	1351.8	8.8%	[219.1128, 0.00012392, 'b(AF)']	[219.1128, 0.00012392, 'y(AF)-H2O']	[219.1128, 0.00012392, 'a(TY)-H2O']	[219.1128, 0.00012392, 'b(GPV)-H2O-NH3']	[219.1128, 0.00012392, 'a(PPS)-H2O-NH3']
219.14972	2066.5	10.0%	[219.14919, 0.00015389, 'a(FV)']	[219.14919, 0.00015389, 'a(AIP)-H2O-NH3']	[219.14919, 0.00015389, 'a(ALP)-H2O-NH3']
221.09248	566.5	3.7%	[221.09207, 3.225e-05, 'b(GY)']	[221.09207, 3.225e-05, 'y(GY)-H2O']	[221.09207, 3.225e-05, 'a(ADP)-H2O-NH3']	[221.09207, 3.225e-05, 'b(APS)-H2O-NH3']	[221.09207, 3.225e-05, 'a(EGP)-H2O-NH3']	[221.09207, 3.225e-05, 'b(GPT)-H2O-NH3']
221.12887	1286.6	8.4%	[221.12845, 4.222e-05, 'a(FT)']	[221.12845, 4.222e-05, 'a(APP)-NH3']	[221.12845, 4.222e-05, 'b(AAI)-H2O-NH3']	[221.12845, 4.222e-05, 'b(AAL)-H2O-NH3']	[221.12845, 4.222e-05, 'b(GVV)-H2O-NH3']	[221.12845, 4.222e-05, 'a(PSV)-H2O-NH3']
223.1081	1309.3	8.1%	[223.10772, 5.2e-07, 'y(FG)']	[223.10772, 5.2e-07, 'a(SY)']	[223.10772, 5.2e-07, 'b(EK)-H2O-NH3']	[223.10772, 5.2e-07, 'a(ADV)-H2O-NH3']	[223.10772, 5.2e-07, 'b(AAP)-NH3']	[223.10772, 5.2e-07, 'b(ASV)-H2O-NH3']	[223.10772, 5.2e-07, 'y(AAP)-H2O-NH3']	[223.10772, 5.2e-07, 'a(DGI)-H2O-NH3']	[223.10772, 5.2e-07, 'a(DGL)-H2O-NH3']	[223.10772, 5.2e-07, 'a(EGV)-H2O-NH3']	[223.10772, 5.2e-07, 'b(GIS)-H2O-NH3']	[223.10772, 5.2e-07, 'b(GLS)-H2O-NH3']	[223.10772, 5.2e-07, 'b(GTV)-H2O-NH3']	[223.10772, 5.2e-07, 'a(PST)-H2O-NH3']
223.1558	1379.0	8.8%	[223.15534, 8.048e-05, 'a(HI)']	[223.15534, 8.048e-05, 'a(HL)']
224.1397	420.9	3.3%	[224.13935, -3.037e-05, 'a(GPP)']	[224.13935, -3.037e-05, 'b(IQ)-H2O']	[224.13935, -3.037e-05, 'b(LQ)-H2O']	[224.13935, -3.037e-05, 'a(AKS)-H2O-NH3']	[224.13935, -3.037e-05, 'a(APT)-H2O']	[224.13935, -3.037e-05, 'b(AAV)-H2O']	[224.13935, -3.037e-05, 'b(AGI)-H2O']	[224.13935, -3.037e-05, 'b(AGL)-H2O']	[224.13935, -3.037e-05, 'a(GKT)-H2O-NH3']
225.09877	711.8	7.5%	[225.09822, 0.0001688, 'a(DH)']	[225.09822, 0.0001688, 'b(HS)']	[225.09822, 0.0001688, 'y(HS)-H2O']	[225.09822, 0.0001688, 'b(NQ)-H2O']	[225.09822, 0.0001688, 'b(AGN)-H2O']	[225.09822, 0.0001688, 'b(GGQ)-H2O']
225.12358	1724.9	16.5%	[225.12337, -0.00017123, 'b(EI)-H2O']	[225.12337, -0.00017123, 'b(EL)-H2O']	[225.12337, -0.00017123, 'b(IQ)-NH3']	[225.12337, -0.00017123, 'y(IQ)-H2O-NH3']	[225.12337, -0.00017123, 'b(LQ)-NH3']	[225.12337, -0.00017123, 'y(LQ)-H2O-NH3']	[225.12337, -0.00017123, 'a(APT)-NH3']	[225.12337, -0.00017123, 'b(AAV)-NH3']	[225.12337, -0.00017123, 'b(AGI)-NH3']	[225.12337, -0.00017123, 'b(AGL)-NH3']	[225.12337, -0.00017123, 'y(AAV)-H2O-NH3']	[225.12337, -0.00017123, 'y(AGI)-H2O-NH3']	[225.12337, -0.00017123, 'y(AGL)-H2O-NH3']	[225.12337, -0.00017123, 'a(ISS)-H2O-NH3']	[225.12337, -0.00017123, 'a(LSS)-H2O-NH3']	[225.12337, -0.00017123, 'a(STV)-H2O-NH3']
226.08248	947.2	10.5%	[226.08223, -0.00013205, 'b(DQ)-H2O']	[226.08223, -0.00013205, 'b(EN)-H2O']	[226.08223, -0.00013205, 'y(HS)-NH3']	[226.08223, -0.00013205, 'b(NQ)-NH3']	[226.08223, -0.00013205, 'y(NQ)-H2O-NH3']	[226.08223, -0.00013205, 'b(ADG)-H2O']	[226.08223, -0.00013205, 'b(AGN)-NH3']	[226.08223, -0.00013205, 'y(AGN)-H2O-NH3']	[226.08223, -0.00013205, 'b(EGG)-H2O']	[226.08223, -0.00013205, 'b(GGQ)-NH3']	[226.08223, -0.00013205, 'y(GGQ)-H2O-NH3']	[226.08223, -0.00013205, 'a(NSS)-H2O-NH3']
226.1191	3720.3	35.0%	[226.11862, 9.791e-05, 'b(PQ)']	[226.11862, 9.791e-05, 'b(AGP)']	[226.11862, 9.791e-05, 'b(DK)-H2O']	[226.11862, 9.791e-05, 'b(KN)-NH3']	[226.11862, 9.791e-05, 'y(KN)-H2O-NH3']	[226.11862, 9.791e-05, 'y(PQ)-H2O']	[226.11862, 9.791e-05, 'a(AAE)-H2O']	[226.11862, 9.791e-05, 'a(AAQ)-NH3']	[226.11862, 9.791e-05, 'b(AAT)-H2O']	[226.11862, 9.791e-05, 'y(AGP)-H2O']	[226.11862, 9.791e-05, 'a(DGV)-H2O']	[226.11862, 9.791e-05, 'a(GNV)-NH3']	[226.11862, 9.791e-05, 'b(GGK)-NH3']	[226.11862, 9.791e-05, 'b(GSV)-H2O']	[226.11862, 9.791e-05, 'y(GGK)-H2O-NH3']	[226.11862, 9.791e-05, 'a(PSS)-H2O']
226.15535	1302.0	12.2%	[226.155, -3.212e-05, 'b(KP)']	[226.155, -3.212e-05, 'a(GPV)']	[226.155, -3.212e-05, 'y(KP)-H2O']	[226.155, -3.212e-05, 'a(AAK)-NH3']	[226.155, -3.212e-05, 'a(AIS)-H2O']	[226.155, -3.212e-05, 'a(ALS)-H2O']	[226.155, -3.212e-05, 'a(ATV)-H2O']	[226.155, -3.212e-05, 'a(GIT)-H2O']	[226.155, -3.212e-05, 'a(GLT)-H2O']
227.06647	603.6	5.6%	[227.06625, -0.0001629, 'b(DE)-H2O']	[227.06625, -0.0001629, 'b(DQ)-NH3']	[227.06625, -0.0001629, 'y(DQ)-H2O-NH3']	[227.06625, -0.0001629, 'b(EN)-NH3']	[227.06625, -0.0001629, 'y(EN)-H2O-NH3']	[227.06625, -0.0001629, 'b(ADG)-NH3']	[227.06625, -0.0001629, 'y(ADG)-H2O-NH3']	[227.06625, -0.0001629, 'a(DSS)-H2O-NH3']	[227.06625, -0.0001629, 'b(EGG)-NH3']	[227.06625, -0.0001629, 'y(EGG)-H2O-NH3']	[227.06625, -0.0001629, 'b(SSS)-H2O-NH3']
227.103	2594.7	18.7%	[227.10263, -1.293e-05, 'b(EP)']	[227.10263, -1.293e-05, 'b(DK)-NH3']	[227.10263, -1.293e-05, 'y(DK)-H2O-NH3']	[227.10263, -1.293e-05, 'y(EP)-H2O']	[227.10263, -1.293e-05, 'y(PQ)-NH3']	[227.10263, -1.293e-05, 'a(AAE)-NH3']	[227.10263, -1.293e-05, 'b(AAT)-NH3']	[227.10263, -1.293e-05, 'y(AAT)-H2O-NH3']	[227.10263, -1.293e-05, 'y(AGP)-NH3']	[227.10263, -1.293e-05, 'a(DGV)-NH3']	[227.10263, -1.293e-05, 'b(GSV)-NH3']	[227.10263, -1.293e-05, 'y(GSV)-H2O-NH3']	[227.10263, -1.293e-05, 'a(PSS)-NH3']	[227.10263, -1.293e-05, 'a(STT)-H2O-NH3']
227.17585	4498.9	30.4%	[227.1754, 6.7e-05, 'b(II)']	[227.1754, 6.7e-05, 'b(IL)']	[227.1754, 6.7e-05, 'b(LL)']	[227.1754, 6.7e-05, 'y(II)-H2O']	[227.1754, 6.7e-05, 'y(IL)-H2O']	[227.1754, 6.7e-05, 'y(LL)-H2O']
228.13469	5158.7	39.2%	[228.13427, 3.618e-05, 'b(IN)']	[228.13427, 3.618e-05, 'b(LN)']	[228.13427, 3.618e-05, 'b(QV)']	[228.13427, 3.618e-05, 'a(APS)']	[228.13427, 3.618e-05, 'b(AGV)']	[228.13427, 3.618e-05, 'a(GPT)']	[228.13427, 3.618e-05, 'b(GGI)']	[228.13427, 3.618e-05, 'b(GGL)']	[228.13427, 3.618e-05, 'y(IN)-H2O']	[228.13427, 3.618e-05, 'y(LN)-H2O']	[228.13427, 3.618e-05, 'y(QV)-H2O']	[228.13427, 3.618e-05, 'a(ATT)-H2O']	[228.13427, 3.618e-05, 'y(AGV)-H2O']	[228.13427, 3.618e-05, 'a(GKS)-NH3']	[228.13427, 3.618e-05, 'y(GGI)-H2O']	[228.13427, 3.618e-05, 'y(GGL)-H2O']	[228.13427, 3.618e-05, 'a(SSV)-H2O']
229.11867	4987.6	36.6%	[229.11828, 5.35e-06, 'b(DI)']	[229.11828, 5.35e-06, 'b(DL)']	[229.11828, 5.35e-06, 'b(EV)']	[229.11828, 5.35e-06, 'y(DI)-H2O']	[229.11828, 5.35e-06, 'y(DL)-H2O']	[229.11828, 5.35e-06, 'y(EV)-H2O']	[229.11828, 5.35e-06, 'y(IN)-NH3']	[229.11828, 5.35e-06, 'y(LN)-NH3']	[229.11828, 5.35e-06, 'y(QV)-NH3']	[229.11828, 5.35e-06, 'a(ATT)-NH3']	[229.11828, 5.35e-06, 'y(AGV)-NH3']	[229.11828, 5.35e-06, 'y(GGI)-NH3']	[229.11828, 5.35e-06, 'y(GGL)-NH3']	[229.11828, 5.35e-06, 'a(SSV)-NH3']
230.07757	943.1	6.6%	[230.07715, 3.454e-05, 'b(DN)']	[230.07715, 3.454e-05, 'b(DGG)']	[230.07715, 3.454e-05, 'y(DN)-H2O']	[230.07715, 3.454e-05, 'y(NN)-NH3']	[230.07715, 3.454e-05, 'y(DGG)-H2O']	[230.07715, 3.454e-05, 'y(GGN)-NH3']
230.11406	1371.2	13.2%	[230.11353, 0.00014451, 'a(EQ)']	[230.11353, 0.00014451, 'y(NP)']	[230.11353, 0.00014451, 'b(QT)']	[230.11353, 0.00014451, 'a(AAD)']	[230.11353, 0.00014451, 'a(AEG)']	[230.11353, 0.00014451, 'b(AAS)']	[230.11353, 0.00014451, 'b(AGT)']	[230.11353, 0.00014451, 'y(GGP)']	[230.11353, 0.00014451, 'y(QT)-H2O']	[230.11353, 0.00014451, 'y(AAS)-H2O']	[230.11353, 0.00014451, 'y(AGT)-H2O']	[230.11353, 0.00014451, 'a(SST)-H2O']
230.1503	478.9	4.5%	[230.14992, -5.52e-06, 'a(EK)']	[230.14992, -5.52e-06, 'b(KT)']	[230.14992, -5.52e-06, 'a(ASV)']	[230.14992, -5.52e-06, 'a(GIS)']	[230.14992, -5.52e-06, 'a(GLS)']	[230.14992, -5.52e-06, 'a(GTV)']	[230.14992, -5.52e-06, 'y(KT)-H2O']
231.09771	1192.3	9.8%	[231.09755, -0.0002263, 'y(DP)']	[231.09755, -0.0002263, 'a(EE)']	[231.09755, -0.0002263, 'b(ET)']	[231.09755, -0.0002263, 'y(ET)-H2O']	[231.09755, -0.0002263, 'y(QT)-NH3']	[231.09755, -0.0002263, 'y(AAS)-NH3']	[231.09755, -0.0002263, 'y(AGT)-NH3']	[231.09755, -0.0002263, 'a(SST)-NH3']
232.14078	1177.5	7.9%	[232.14042, -2.715e-05, 'y(GR)']
233.12883	619.1	4.6%	[233.12845, -7.94e-06, 'a(PY)']	[233.12845, -7.94e-06, 'b(APV)-H2O-NH3']	[233.12845, -7.94e-06, 'b(GIP)-H2O-NH3']	[233.12845, -7.94e-06, 'b(GLP)-H2O-NH3']	[233.12845, -7.94e-06, 'a(PPT)-H2O-NH3']
233.16533	4226.5	21.8%	[233.16484, 0.00010203, 'a(FI)']	[233.16484, 0.00010203, 'a(FL)']	[233.16484, 0.00010203, 'a(PVV)-H2O-NH3']
234.12395	645.0	4.9%	[234.1237, -0.00013872, 'a(FN)']	[234.1237, -0.00013872, 'a(FGG)']	[234.1237, -0.00013872, 'b(HI)-NH3']	[234.1237, -0.00013872, 'b(HL)-NH3']	[234.1237, -0.00013872, 'y(HI)-H2O-NH3']	[234.1237, -0.00013872, 'y(HL)-H2O-NH3']	[234.1237, -0.00013872, 'a(APQ)-H2O-NH3']	[234.1237, -0.00013872, 'b(GPP)-H2O']
234.14531	2295.5	15.0%	[234.14483, 9.126e-05, 'y(KS)']
234.16853	521.4	4.1%
235.1081	2556.0	17.7%	[235.10772, -9.49e-06, 'b(AY)']	[235.10772, -9.49e-06, 'a(DF)']	[235.10772, -9.49e-06, 'b(FS)']	[235.10772, -9.49e-06, 'y(AY)-H2O']	[235.10772, -9.49e-06, 'y(FS)-H2O']	[235.10772, -9.49e-06, 'a(AEP)-H2O-NH3']	[235.10772, -9.49e-06, 'b(APT)-H2O-NH3']	[235.10772, -9.49e-06, 'b(GPP)-NH3']	[235.10772, -9.49e-06, 'y(GPP)-H2O-NH3']
235.11945	427.6	4.1%	[235.11895, 0.0001105, 'b(HP)']	[235.11895, 0.0001105, 'y(HP)-H2O']	[235.11895, 0.0001105, 'a(AAH)-NH3']
235.14456	1263.4	7.2%	[235.1441, 7.049e-05, 'a(VY)']	[235.1441, 7.049e-05, 'b(AVV)-H2O-NH3']	[235.1441, 7.049e-05, 'b(GIV)-H2O-NH3']	[235.1441, 7.049e-05, 'b(GLV)-H2O-NH3']	[235.1441, 7.049e-05, 'a(IPS)-H2O-NH3']	[235.1441, 7.049e-05, 'a(LPS)-H2O-NH3']	[235.1441, 7.049e-05, 'a(PTV)-H2O-NH3']
237.12372	968.8	5.6%	[237.12337, -4.101e-05, 'y(AF)']	[237.12337, -4.101e-05, 'a(TY)']	[237.12337, -4.101e-05, 'a(ADI)-H2O-NH3']	[237.12337, -4.101e-05, 'a(ADL)-H2O-NH3']	[237.12337, -4.101e-05, 'a(AEV)-H2O-NH3']	[237.12337, -4.101e-05, 'b(AIS)-H2O-NH3']	[237.12337, -4.101e-05, 'b(ALS)-H2O-NH3']	[237.12337, -4.101e-05, 'b(ATV)-H2O-NH3']	[237.12337, -4.101e-05, 'a(EGI)-H2O-NH3']	[237.12337, -4.101e-05, 'a(EGL)-H2O-NH3']	[237.12337, -4.101e-05, 'b(GIT)-H2O-NH3']	[237.12337, -4.101e-05, 'b(GLT)-H2O-NH3']	[237.12337, -4.101e-05, 'b(GPV)-NH3']	[237.12337, -4.101e-05, 'y(GPV)-H2O-NH3']	[237.12337, -4.101e-05, 'a(PPS)-NH3']	[237.12337, -4.101e-05, 'a(PTT)-H2O-NH3']
237.13503	591.9	4.4%	[237.1346, 3.898e-05, 'b(HV)']	[237.1346, 3.898e-05, 'y(HV)-H2O']	[237.1346, 3.898e-05, 'b(PR)-NH3']	[237.1346, 3.898e-05, 'y(PR)-H2O-NH3']	[237.1346, 3.898e-05, 'a(ANP)-H2O']	[237.1346, 3.898e-05, 'a(GKN)-H2O-NH3']	[237.1346, 3.898e-05, 'a(GPQ)-H2O']
239.11424	783.6	7.1%	[239.11387, -2.247e-05, 'a(EH)']	[239.11387, -2.247e-05, 'b(HT)']	[239.11387, -2.247e-05, 'y(HT)-H2O']	[239.11387, -2.247e-05, 'b(QQ)-H2O']	[239.11387, -2.247e-05, 'b(AAN)-H2O']	[239.11387, -2.247e-05, 'b(AGQ)-H2O']
240.09808	1531.3	15.0%	[240.09788, -0.00019317, 'b(EQ)-H2O']	[240.09788, -0.00019317, 'y(HT)-NH3']	[240.09788, -0.00019317, 'b(QQ)-NH3']	[240.09788, -0.00019317, 'y(QQ)-H2O-NH3']	[240.09788, -0.00019317, 'b(AAD)-H2O']	[240.09788, -0.00019317, 'b(AAN)-NH3']	[240.09788, -0.00019317, 'b(AEG)-H2O']	[240.09788, -0.00019317, 'b(AGQ)-NH3']	[240.09788, -0.00019317, 'y(AAN)-H2O-NH3']	[240.09788, -0.00019317, 'y(AGQ)-H2O-NH3']	[240.09788, -0.00019317, 'a(NST)-H2O-NH3']	[240.09788, -0.00019317, 'a(QSS)-H2O-NH3']
240.1346	2587.7	28.2%	[240.13427, -6.32e-05, 'b(AAP)']	[240.13427, -6.32e-05, 'b(EK)-H2O']	[240.13427, -6.32e-05, 'b(KQ)-NH3']	[240.13427, -6.32e-05, 'y(KQ)-H2O-NH3']	[240.13427, -6.32e-05, 'a(ADV)-H2O']	[240.13427, -6.32e-05, 'a(ANV)-NH3']	[240.13427, -6.32e-05, 'b(AGK)-NH3']	[240.13427, -6.32e-05, 'b(ASV)-H2O']	[240.13427, -6.32e-05, 'y(AAP)-H2O']	[240.13427, -6.32e-05, 'y(AGK)-H2O-NH3']	[240.13427, -6.32e-05, 'a(DGI)-H2O']	[240.13427, -6.32e-05, 'a(DGL)-H2O']	[240.13427, -6.32e-05, 'a(EGV)-H2O']	[240.13427, -6.32e-05, 'a(GIN)-NH3']	[240.13427, -6.32e-05, 'a(GLN)-NH3']	[240.13427, -6.32e-05, 'a(GQV)-NH3']	[240.13427, -6.32e-05, 'b(GIS)-H2O']	[240.13427, -6.32e-05, 'b(GLS)-H2O']	[240.13427, -6.32e-05, 'b(GTV)-H2O']	[240.13427, -6.32e-05, 'a(KSS)-H2O-NH3']	[240.13427, -6.32e-05, 'a(PST)-H2O']
241.08206	956.0	11.4%	[241.0819, -0.00023386, 'b(EE)-H2O']	[241.0819, -0.00023386, 'b(EQ)-NH3']	[241.0819, -0.00023386, 'y(EQ)-H2O-NH3']	[241.0819, -0.00023386, 'b(AAD)-NH3']	[241.0819, -0.00023386, 'b(AEG)-NH3']	[241.0819, -0.00023386, 'y(AAD)-H2O-NH3']	[241.0819, -0.00023386, 'y(AEG)-H2O-NH3']	[241.0819, -0.00023386, 'a(DST)-H2O-NH3']	[241.0819, -0.00023386, 'a(ESS)-H2O-NH3']	[241.0819, -0.00023386, 'b(SST)-H2O-NH3']
242.11387	461.4	4.5%	[242.11353, -5.458e-05, 'a(DGP)']	[242.11353, -5.458e-05, 'b(GPS)']	[242.11353, -5.458e-05, 'a(ADT)-H2O']	[242.11353, -5.458e-05, 'a(AES)-H2O']	[242.11353, -5.458e-05, 'a(ANT)-NH3']	[242.11353, -5.458e-05, 'a(AQS)-NH3']	[242.11353, -5.458e-05, 'b(AST)-H2O']	[242.11353, -5.458e-05, 'a(EGT)-H2O']	[242.11353, -5.458e-05, 'a(GQT)-NH3']	[242.11353, -5.458e-05, 'b(GTT)-H2O']	[242.11353, -5.458e-05, 'y(GPS)-H2O']
242.15025	4093.4	35.4%	[242.14992, -6.46e-05, 'b(IQ)']	[242.14992, -6.46e-05, 'b(LQ)']	[242.14992, -6.46e-05, 'a(APT)']	[242.14992, -6.46e-05, 'b(AAV)']	[242.14992, -6.46e-05, 'b(AGI)']	[242.14992, -6.46e-05, 'b(AGL)']	[242.14992, -6.46e-05, 'y(IQ)-H2O']	[242.14992, -6.46e-05, 'y(LQ)-H2O']	[242.14992, -6.46e-05, 'a(AKS)-NH3']	[242.14992, -6.46e-05, 'y(AAV)-H2O']	[242.14992, -6.46e-05, 'y(AGI)-H2O']	[242.14992, -6.46e-05, 'y(AGL)-H2O']	[242.14992, -6.46e-05, 'a(GKT)-NH3']	[242.14992, -6.46e-05, 'a(ISS)-H2O']	[242.14992, -6.46e-05, 'a(LSS)-H2O']	[242.14992, -6.46e-05, 'a(STV)-H2O']
242.18653	853.8	9.5%	[242.1863, -0.00016463, 'b(IK)']	[242.1863, -0.00016463, 'b(KL)']	[242.1863, -0.00016463, 'a(AVV)']	[242.1863, -0.00016463, 'a(GIV)']	[242.1863, -0.00016463, 'a(GLV)']	[242.1863, -0.00016463, 'y(IK)-H2O']	[242.1863, -0.00016463, 'y(KL)-H2O']
243.10912	828.6	7.9%	[243.10878, -5.526e-05, 'y(HS)']	[243.10878, -5.526e-05, 'b(NQ)']	[243.10878, -5.526e-05, 'b(AGN)']	[243.10878, -5.526e-05, 'b(GGQ)']	[243.10878, -5.526e-05, 'y(NQ)-H2O']	[243.10878, -5.526e-05, 'y(AGN)-H2O']	[243.10878, -5.526e-05, 'y(GGQ)-H2O']	[243.10878, -5.526e-05, 'a(NSS)-H2O']
243.13422	3801.2	32.1%	[243.13393, -0.00010527, 'b(EI)']	[243.13393, -0.00010527, 'b(EL)']	[243.13393, -0.00010527, 'y(EI)-H2O']	[243.13393, -0.00010527, 'y(EL)-H2O']	[243.13393, -0.00010527, 'y(IQ)-NH3']	[243.13393, -0.00010527, 'y(LQ)-NH3']	[243.13393, -0.00010527, 'y(AAV)-NH3']	[243.13393, -0.00010527, 'y(AGI)-NH3']	[243.13393, -0.00010527, 'y(AGL)-NH3']	[243.13393, -0.00010527, 'a(ISS)-NH3']	[243.13393, -0.00010527, 'a(LSS)-NH3']	[243.13393, -0.00010527, 'a(STV)-NH3']
244.09312	2418.9	21.2%	[244.0928, -7.592e-05, 'b(DQ)']	[244.0928, -7.592e-05, 'b(EN)']	[244.0928, -7.592e-05, 'b(ADG)']	[244.0928, -7.592e-05, 'b(EGG)']	[244.0928, -7.592e-05, 'y(DQ)-H2O']	[244.0928, -7.592e-05, 'y(EN)-H2O']	[244.0928, -7.592e-05, 'y(NQ)-NH3']	[244.0928, -7.592e-05, 'y(ADG)-H2O']	[244.0928, -7.592e-05, 'y(AGN)-NH3']	[244.0928, -7.592e-05, 'a(DSS)-H2O']	[244.0928, -7.592e-05, 'y(EGG)-H2O']	[244.0928, -7.592e-05, 'y(GGQ)-NH3']	[244.0928, -7.592e-05, 'a(NSS)-NH3']	[244.0928, -7.592e-05, 'b(SSS)-H2O']
244.12983	881.6	10.2%	[244.12918, 0.00025406, 'b(DK)']	[244.12918, 0.00025406, 'y(PQ)']	[244.12918, 0.00025406, 'a(AAE)']	[244.12918, 0.00025406, 'b(AAT)']	[244.12918, 0.00025406, 'y(AGP)']	[244.12918, 0.00025406, 'a(DGV)']	[244.12918, 0.00025406, 'b(GSV)']	[244.12918, 0.00025406, 'a(PSS)']	[244.12918, 0.00025406, 'y(DK)-H2O']	[244.12918, 0.00025406, 'y(KN)-NH3']	[244.12918, 0.00025406, 'y(AAT)-H2O']	[244.12918, 0.00025406, 'y(GGK)-NH3']	[244.12918, 0.00025406, 'y(GSV)-H2O']	[244.12918, 0.00025406, 'a(STT)-H2O']
244.16596	4741.5	30.8%	[244.16557, -5.97e-06, 'y(KP)']	[244.16557, -5.97e-06, 'a(AIS)']	[244.16557, -5.97e-06, 'a(ALS)']	[244.16557, -5.97e-06, 'a(ATV)']	[244.16557, -5.97e-06, 'a(GIT)']	[244.16557, -5.97e-06, 'a(GLT)']
245.07699	1267.8	11.7%	[245.07681, -0.00021657, 'b(DE)']	[245.07681, -0.00021657, 'y(DE)-H2O']	[245.07681, -0.00021657, 'y(DQ)-NH3']	[245.07681, -0.00021657, 'y(EN)-NH3']	[245.07681, -0.00021657, 'y(ADG)-NH3']	[245.07681, -0.00021657, 'a(DSS)-NH3']	[245.07681, -0.00021657, 'y(EGG)-NH3']	[245.07681, -0.00021657, 'b(SSS)-NH3']	[245.07681, -0.00021657, 'y(SSS)-H2O-NH3']	[245.07768, -0.00108657, 'b(MM)-H2O']
245.16901	474.3	4.7%
246.1563	895.5	8.3%	[246.15607, -0.00016728, 'y(AR)']
246.18167	1625.9	13.1%	[246.18122, 5.271e-05, 'y(KV)']
247.10798	497.0	4.7%	[247.10772, -0.00013789, 'a(EY)-H2O']	[247.10772, -0.00013789, 'a(QY)-NH3']	[247.10772, -0.00013789, 'b(TY)-H2O']	[247.10772, -0.00013789, 'a(AGY)-NH3']	[247.10772, -0.00013789, 'a(DPP)-H2O-NH3']	[247.10772, -0.00013789, 'a(FGS)-NH3']	[247.10772, -0.00013789, 'b(PPS)-H2O-NH3']
247.14452	728.7	5.5%	[247.1441, 2.208e-05, 'b(FV)']	[247.1441, 2.208e-05, 'y(FV)-H2O']	[247.1441, 2.208e-05, 'a(KY)-NH3']	[247.1441, 2.208e-05, 'b(AIP)-H2O-NH3']	[247.1441, 2.208e-05, 'b(ALP)-H2O-NH3']	[247.1441, 2.208e-05, 'a(PPP)-NH3']
248.1609	1257.5	9.4%	[248.16048, 2.144e-05, 'y(KT)']
249.09839	601.3	5.4%	[249.09822, -0.00022915, 'b(EH)-H2O']	[249.09822, -0.00022915, 'b(HQ)-NH3']	[249.09822, -0.00022915, 'y(HQ)-H2O-NH3']	[249.09822, -0.00022915, 'b(AGH)-NH3']	[249.09822, -0.00022915, 'y(AGH)-H2O-NH3']	[249.09822, -0.00022915, 'a(HSS)-H2O-NH3']
249.12382	1659.5	12.3%	[249.12337, 5.083e-05, 'a(EF)']	[249.12337, 5.083e-05, 'b(FT)']	[249.12337, 5.083e-05, 'y(FT)-H2O']	[249.12337, 5.083e-05, 'b(APP)-NH3']	[249.12337, 5.083e-05, 'y(APP)-H2O-NH3']	[249.12337, 5.083e-05, 'a(DPV)-H2O-NH3']	[249.12337, 5.083e-05, 'b(PSV)-H2O-NH3']
249.16011	2796.2	17.0%	[249.15975, -3.919e-05, 'a(IY)']	[249.15975, -3.919e-05, 'a(LY)']	[249.15975, -3.919e-05, 'b(AIV)-H2O-NH3']	[249.15975, -3.919e-05, 'b(ALV)-H2O-NH3']	[249.15975, -3.919e-05, 'b(GII)-H2O-NH3']	[249.15975, -3.919e-05, 'b(GIL)-H2O-NH3']	[249.15975, -3.919e-05, 'b(GLL)-H2O-NH3']	[249.15975, -3.919e-05, 'a(IPT)-H2O-NH3']	[249.15975, -3.919e-05, 'a(LPT)-H2O-NH3']	[249.15975, -3.919e-05, 'a(PPV)-NH3']
251.10299	1376.5	9.7%	[251.10263, -4.039e-05, 'a(DY)']	[251.10263, -4.039e-05, 'b(SY)']	[251.10263, -4.039e-05, 'y(SY)-H2O']	[251.10263, -4.039e-05, 'b(ADV)-H2O-NH3']	[251.10263, -4.039e-05, 'a(DPT)-H2O-NH3']	[251.10263, -4.039e-05, 'b(DGI)-H2O-NH3']	[251.10263, -4.039e-05, 'b(DGL)-H2O-NH3']	[251.10263, -4.039e-05, 'a(EPS)-H2O-NH3']	[251.10263, -4.039e-05, 'b(EGV)-H2O-NH3']	[251.10263, -4.039e-05, 'b(PST)-H2O-NH3']
251.15053	1934.1	16.8%	[251.15025, -0.00012042, 'b(HI)']	[251.15025, -0.00012042, 'b(HL)']	[251.15025, -0.00012042, 'y(HI)-H2O']	[251.15025, -0.00012042, 'y(HL)-H2O']	[251.15025, -0.00012042, 'a(AKN)-H2O-NH3']	[251.15025, -0.00012042, 'a(APQ)-H2O']	[251.15025, -0.00012042, 'a(GKQ)-H2O-NH3']
253.09345	460.2	4.4%	[253.09313, -8.16e-05, 'b(DH)']	[253.09313, -8.16e-05, 'y(DH)-H2O']	[253.09313, -8.16e-05, 'y(HN)-NH3']	[253.09313, -8.16e-05, 'y(GGH)-NH3']	[253.09313, -8.16e-05, 'a(NNS)-H2O-NH3']
254.1503	1195.2	12.5%	[254.14992, -2.223e-05, 'b(GPV)']	[254.14992, -2.223e-05, 'a(PPS)']	[254.14992, -2.223e-05, 'a(ADI)-H2O']	[254.14992, -2.223e-05, 'a(ADL)-H2O']	[254.14992, -2.223e-05, 'a(AEV)-H2O']	[254.14992, -2.223e-05, 'a(AIN)-NH3']	[254.14992, -2.223e-05, 'a(ALN)-NH3']	[254.14992, -2.223e-05, 'a(AQV)-NH3']	[254.14992, -2.223e-05, 'b(AAK)-NH3']	[254.14992, -2.223e-05, 'b(AIS)-H2O']	[254.14992, -2.223e-05, 'b(ALS)-H2O']	[254.14992, -2.223e-05, 'b(ATV)-H2O']	[254.14992, -2.223e-05, 'y(AAK)-H2O-NH3']	[254.14992, -2.223e-05, 'a(EGI)-H2O']	[254.14992, -2.223e-05, 'a(EGL)-H2O']	[254.14992, -2.223e-05, 'a(GIQ)-NH3']	[254.14992, -2.223e-05, 'a(GLQ)-NH3']	[254.14992, -2.223e-05, 'b(GIT)-H2O']	[254.14992, -2.223e-05, 'b(GLT)-H2O']	[254.14992, -2.223e-05, 'y(GPV)-H2O']	[254.14992, -2.223e-05, 'a(KST)-H2O-NH3']	[254.14992, -2.223e-05, 'a(PTT)-H2O']
255.14551	687.8	6.4%	[255.14517, -6.282e-05, 'y(HV)']	[255.14517, -6.282e-05, 'a(ANP)']	[255.14517, -6.282e-05, 'a(GPQ)']	[255.14517, -6.282e-05, 'y(PR)-NH3']	[255.14517, -6.282e-05, 'a(AQT)-H2O']	[255.14517, -6.282e-05, 'a(DGK)-H2O']	[255.14517, -6.282e-05, 'a(GKN)-NH3']	[255.14517, -6.282e-05, 'b(GKS)-H2O']	[255.14517, -6.282e-05, 'a(NSV)-H2O']
256.12952	468.0	4.9%	[256.12918, -6.339e-05, 'a(ADP)']	[256.12918, -6.339e-05, 'b(APS)']	[256.12918, -6.339e-05, 'a(EGP)']	[256.12918, -6.339e-05, 'b(GPT)']	[256.12918, -6.339e-05, 'a(AET)-H2O']	[256.12918, -6.339e-05, 'a(AQT)-NH3']	[256.12918, -6.339e-05, 'b(ATT)-H2O']	[256.12918, -6.339e-05, 'y(APS)-H2O']	[256.12918, -6.339e-05, 'a(DGK)-NH3']	[256.12918, -6.339e-05, 'a(DSV)-H2O']	[256.12918, -6.339e-05, 'b(GKS)-NH3']	[256.12918, -6.339e-05, 'y(GKS)-H2O-NH3']	[256.12918, -6.339e-05, 'y(GPT)-H2O']	[256.12918, -6.339e-05, 'a(NSV)-NH3']	[256.12918, -6.339e-05, 'b(SSV)-H2O']
256.16592	486.3	4.2%	[256.16557, -5.341e-05, 'b(AAI)']	[256.16557, -5.341e-05, 'b(AAL)']	[256.16557, -5.341e-05, 'b(GVV)']	[256.16557, -5.341e-05, 'a(PSV)']	[256.16557, -5.341e-05, 'a(AKT)-NH3']	[256.16557, -5.341e-05, 'y(AAI)-H2O']	[256.16557, -5.341e-05, 'y(AAL)-H2O']	[256.16557, -5.341e-05, 'y(GVV)-H2O']	[256.16557, -5.341e-05, 'a(IST)-H2O']	[256.16557, -5.341e-05, 'a(LST)-H2O']	[256.16557, -5.341e-05, 'a(TTV)-H2O']
257.12486	473.7	5.5%	[257.12443, 2.603e-05, 'y(HT)']	[257.12443, 2.603e-05, 'b(QQ)']	[257.12443, 2.603e-05, 'b(AAN)']	[257.12443, 2.603e-05, 'b(AGQ)']	[257.12443, 2.603e-05, 'y(QQ)-H2O']	[257.12443, 2.603e-05, 'y(AAN)-H2O']	[257.12443, 2.603e-05, 'y(AGQ)-H2O']	[257.12443, 2.603e-05, 'a(NST)-H2O']	[257.12443, 2.603e-05, 'a(QSS)-H2O']
257.16118	775.6	8.2%	[257.16082, -4.399e-05, 'b(KQ)']	[257.16082, -4.399e-05, 'a(ANV)']	[257.16082, -4.399e-05, 'b(AGK)']	[257.16082, -4.399e-05, 'a(GIN)']	[257.16082, -4.399e-05, 'a(GLN)']	[257.16082, -4.399e-05, 'a(GQV)']	[257.16082, -4.399e-05, 'y(KQ)-H2O']	[257.16082, -4.399e-05, 'y(RV)-NH3']	[257.16082, -4.399e-05, 'y(AGK)-H2O']	[257.16082, -4.399e-05, 'a(KSS)-H2O']
258.10893	1298.6	12.6%	[258.10845, 7.546e-05, 'b(EQ)']	[258.10845, 7.546e-05, 'b(AAD)']	[258.10845, 7.546e-05, 'b(AEG)']	[258.10845, 7.546e-05, 'y(EQ)-H2O']	[258.10845, 7.546e-05, 'y(QQ)-NH3']	[258.10845, 7.546e-05, 'y(AAD)-H2O']	[258.10845, 7.546e-05, 'y(AAN)-NH3']	[258.10845, 7.546e-05, 'y(AEG)-H2O']	[258.10845, 7.546e-05, 'y(AGQ)-NH3']	[258.10845, 7.546e-05, 'a(DST)-H2O']	[258.10845, 7.546e-05, 'a(ESS)-H2O']	[258.10845, 7.546e-05, 'a(NST)-NH3']	[258.10845, 7.546e-05, 'a(QSS)-NH3']	[258.10845, 7.546e-05, 'b(SST)-H2O']
258.14502	3205.9	30.9%	[258.14483, -0.00021456, 'b(EK)']	[258.14483, -0.00021456, 'a(ADV)']	[258.14483, -0.00021456, 'b(ASV)']	[258.14483, -0.00021456, 'y(AAP)']	[258.14483, -0.00021456, 'a(DGI)']	[258.14483, -0.00021456, 'a(DGL)']	[258.14483, -0.00021456, 'a(EGV)']	[258.14483, -0.00021456, 'b(GIS)']	[258.14483, -0.00021456, 'b(GLS)']	[258.14483, -0.00021456, 'b(GTV)']	[258.14483, -0.00021456, 'a(PST)']	[258.14483, -0.00021456, 'y(EK)-H2O']	[258.14483, -0.00021456, 'y(KQ)-NH3']	[258.14483, -0.00021456, 'y(AGK)-NH3']	[258.14483, -0.00021456, 'y(ASV)-H2O']	[258.14483, -0.00021456, 'y(GIS)-H2O']	[258.14483, -0.00021456, 'y(GLS)-H2O']	[258.14483, -0.00021456, 'y(GTV)-H2O']	[258.14483, -0.00021456, 'a(KSS)-NH3']	[258.14483, -0.00021456, 'a(TTT)-H2O']
259.0927	711.3	8.2%
259.0927	710.9	8.2%	[259.09246, -0.0001651, 'b(EE)']	[259.09246, -0.0001651, 'y(EE)-H2O']	[259.09246, -0.0001651, 'y(EQ)-NH3']	[259.09246, -0.0001651, 'y(AAD)-NH3']	[259.09246, -0.0001651, 'y(AEG)-NH3']	[259.09246, -0.0001651, 'a(DST)-NH3']	[259.09246, -0.0001651, 'a(ESS)-NH3']	[259.09246, -0.0001651, 'b(SST)-NH3']	[259.09246, -0.0001651, 'y(SST)-H2O-NH3']
260.10677	505.2	4.7%	[260.10634, 2.432e-05, 'b(C[Carbamidomethyl]V)']	[260.10634, 2.432e-05, 'b(MQ)']	[260.10634, 2.432e-05, 'b(AGM)']	[260.10634, 2.432e-05, 'a(CPS)']	[260.10634, 2.432e-05, 'b(CGV)']	[260.10634, 2.432e-05, 'y(C[Carbamidomethyl]V)-H2O']	[260.10634, 2.432e-05, 'y(MQ)-H2O']	[260.10634, 2.432e-05, 'a(AM[Oxidation]S)-H2O']	[260.10634, 2.432e-05, 'y(AGM)-H2O']	[260.10634, 2.432e-05, 'a(CTT)-H2O']	[260.10634, 2.432e-05, 'y(CGV)-H2O']	[260.10634, 2.432e-05, 'a(GM[Oxidation]T)-H2O']	[260.10634, 2.432e-05, 'a(MSS)-H2O']	[260.10699, -0.00062568, 'b(FF)-H2O-NH3']
260.1972	4019.1	32.8%	[260.19687, -7.574e-05, 'y(IK)']	[260.19687, -7.574e-05, 'y(KL)']
261.09075	499.9	4.7%	[261.09035, -6.24e-06, 'b(EM)']	[261.09035, -6.24e-06, 'y(C[Carbamidomethyl]V)-NH3']	[261.09035, -6.24e-06, 'y(EM)-H2O']	[261.09035, -6.24e-06, 'y(MQ)-NH3']	[261.09035, -6.24e-06, 'a(AM[Oxidation]S)-NH3']	[261.09035, -6.24e-06, 'y(AGM)-NH3']	[261.09035, -6.24e-06, 'a(CTT)-NH3']	[261.09035, -6.24e-06, 'y(CGV)-NH3']	[261.09035, -6.24e-06, 'a(GM[Oxidation]T)-NH3']	[261.09035, -6.24e-06, 'a(MSS)-NH3']
261.1654	1567.3	0.0%
262.11896	475.7	4.8%	[262.11862, -6.683e-05, 'b(FN)']	[262.11862, -6.683e-05, 'y(GW)']	[262.11862, -6.683e-05, 'b(FGG)']	[262.11862, -6.683e-05, 'y(FN)-H2O']	[262.11862, -6.683e-05, 'b(APQ)-H2O-NH3']	[262.11862, -6.683e-05, 'y(FGG)-H2O']	[262.11862, -6.683e-05, 'a(GSY)-H2O']
262.14015	751.8	5.3%	[262.13975, -6.84e-06, 'y(DK)']	[262.13975, -6.84e-06, 'y(AAT)']	[262.13975, -6.84e-06, 'y(GSV)']	[262.13975, -6.84e-06, 'a(STT)']
262.15144	807.2	6.6%	[262.15098, 5.316e-05, 'y(RS)']
263.10304	706.7	6.2%	[263.10263, 2.62e-06, 'b(DF)']	[263.10263, 2.62e-06, 'y(DF)-H2O']	[263.10263, 2.62e-06, 'y(FN)-NH3']	[263.10263, 2.62e-06, 'b(AEP)-H2O-NH3']	[263.10263, 2.62e-06, 'y(FGG)-NH3']	[263.10263, 2.62e-06, 'a(GSY)-NH3']
263.13938	796.5	6.1%	[263.13902, -4.74e-05, 'y(FP)']	[263.13902, -4.74e-05, 'b(VY)']	[263.13902, -4.74e-05, 'y(VY)-H2O']	[263.13902, -4.74e-05, 'a(DIP)-H2O-NH3']	[263.13902, -4.74e-05, 'a(DLP)-H2O-NH3']	[263.13902, -4.74e-05, 'a(EPV)-H2O-NH3']	[263.13902, -4.74e-05, 'b(IPS)-H2O-NH3']	[263.13902, -4.74e-05, 'b(LPS)-H2O-NH3']	[263.13902, -4.74e-05, 'b(PTV)-H2O-NH3']
265.11861	1084.0	8.7%	[265.11828, -7.852e-05, 'a(EY)']	[265.11828, -7.852e-05, 'b(TY)']	[265.11828, -7.852e-05, 'y(TY)-H2O']	[265.11828, -7.852e-05, 'b(ADI)-H2O-NH3']	[265.11828, -7.852e-05, 'b(ADL)-H2O-NH3']	[265.11828, -7.852e-05, 'b(AEV)-H2O-NH3']	[265.11828, -7.852e-05, 'a(DPP)-NH3']	[265.11828, -7.852e-05, 'a(EPT)-H2O-NH3']	[265.11828, -7.852e-05, 'b(EGI)-H2O-NH3']	[265.11828, -7.852e-05, 'b(EGL)-H2O-NH3']	[265.11828, -7.852e-05, 'b(PPS)-NH3']	[265.11828, -7.852e-05, 'b(PTT)-H2O-NH3']	[265.11828, -7.852e-05, 'y(PPS)-H2O-NH3']
267.10913	562.3	6.0%	[267.10878, -5.964e-05, 'b(EH)']	[267.10878, -5.964e-05, 'y(EH)-H2O']	[267.10878, -5.964e-05, 'y(HQ)-NH3']	[267.10878, -5.964e-05, 'y(AGH)-NH3']	[267.10878, -5.964e-05, 'a(HSS)-NH3']	[267.10878, -5.964e-05, 'a(NNT)-H2O-NH3']	[267.10878, -5.964e-05, 'a(NQS)-H2O-NH3']
268.16592	961.2	9.5%	[268.16557, -6.024e-05, 'b(APV)']	[268.16557, -6.024e-05, 'b(GIP)']	[268.16557, -6.024e-05, 'b(GLP)']	[268.16557, -6.024e-05, 'a(PPT)']	[268.16557, -6.024e-05, 'a(AEI)-H2O']	[268.16557, -6.024e-05, 'a(AEL)-H2O']	[268.16557, -6.024e-05, 'a(AIQ)-NH3']	[268.16557, -6.024e-05, 'a(ALQ)-NH3']	[268.16557, -6.024e-05, 'b(AIT)-H2O']	[268.16557, -6.024e-05, 'b(ALT)-H2O']	[268.16557, -6.024e-05, 'y(APV)-H2O']	[268.16557, -6.024e-05, 'a(DVV)-H2O']	[268.16557, -6.024e-05, 'b(GKV)-NH3']	[268.16557, -6.024e-05, 'y(GIP)-H2O']	[268.16557, -6.024e-05, 'y(GKV)-H2O-NH3']	[268.16557, -6.024e-05, 'y(GLP)-H2O']	[268.16557, -6.024e-05, 'a(KPS)-NH3']	[268.16557, -6.024e-05, 'a(KTT)-H2O-NH3']	[268.16557, -6.024e-05, 'a(NVV)-NH3']	[268.16557, -6.024e-05, 'b(SVV)-H2O']
270.10887	422.7	5.2%	[270.10845, 8.66e-06, 'b(DGP)']	[270.10845, 8.66e-06, 'a(ADE)-H2O']	[270.10845, 8.66e-06, 'a(ADQ)-NH3']	[270.10845, 8.66e-06, 'a(AEN)-NH3']	[270.10845, 8.66e-06, 'b(ADT)-H2O']	[270.10845, 8.66e-06, 'b(AES)-H2O']	[270.10845, 8.66e-06, 'b(ANT)-NH3']	[270.10845, 8.66e-06, 'b(AQS)-NH3']	[270.10845, 8.66e-06, 'y(ANT)-H2O-NH3']	[270.10845, 8.66e-06, 'y(AQS)-H2O-NH3']	[270.10845, 8.66e-06, 'y(DGP)-H2O']	[270.10845, 8.66e-06, 'a(EEG)-H2O']	[270.10845, 8.66e-06, 'a(EGQ)-NH3']	[270.10845, 8.66e-06, 'b(EGT)-H2O']	[270.10845, 8.66e-06, 'b(GQT)-NH3']	[270.10845, 8.66e-06, 'y(GNP)-NH3']	[270.10845, 8.66e-06, 'y(GQT)-H2O-NH3']
270.14521	569.4	6.5%	[270.14483, -3.136e-05, 'a(AEP)']	[270.14483, -3.136e-05, 'b(APT)']	[270.14483, -3.136e-05, 'y(GPP)']	[270.14483, -3.136e-05, 'a(ADK)-NH3']	[270.14483, -3.136e-05, 'b(AKS)-NH3']	[270.14483, -3.136e-05, 'y(AKS)-H2O-NH3']	[270.14483, -3.136e-05, 'y(APT)-H2O']	[270.14483, -3.136e-05, 'a(DIS)-H2O']	[270.14483, -3.136e-05, 'a(DLS)-H2O']	[270.14483, -3.136e-05, 'a(DTV)-H2O']	[270.14483, -3.136e-05, 'a(EGK)-NH3']	[270.14483, -3.136e-05, 'a(ESV)-H2O']	[270.14483, -3.136e-05, 'b(GKT)-NH3']	[270.14483, -3.136e-05, 'y(GKT)-H2O-NH3']	[270.14483, -3.136e-05, 'a(INS)-NH3']	[270.14483, -3.136e-05, 'b(ISS)-H2O']	[270.14483, -3.136e-05, 'a(LNS)-NH3']	[270.14483, -3.136e-05, 'b(LSS)-H2O']	[270.14483, -3.136e-05, 'a(NTV)-NH3']	[270.14483, -3.136e-05, 'a(QSV)-NH3']	[270.14483, -3.136e-05, 'b(STV)-H2O']
270.18144	430.2	4.2%	[270.18122, -0.00019138, 'b(AVV)']	[270.18122, -0.00019138, 'b(GIV)']	[270.18122, -0.00019138, 'b(GLV)']	[270.18122, -0.00019138, 'a(IPS)']	[270.18122, -0.00019138, 'a(LPS)']	[270.18122, -0.00019138, 'a(PTV)']	[270.18122, -0.00019138, 'y(AVV)-H2O']	[270.18122, -0.00019138, 'y(GIV)-H2O']	[270.18122, -0.00019138, 'y(GLV)-H2O']	[270.18122, -0.00019138, 'a(ITT)-H2O']	[270.18122, -0.00019138, 'a(KSV)-NH3']	[270.18122, -0.00019138, 'a(LTT)-H2O']
271.17684	666.4	9.1%	[271.17647, -4.195e-05, 'a(AIN)']	[271.17647, -4.195e-05, 'a(ALN)']	[271.17647, -4.195e-05, 'a(AQV)']	[271.17647, -4.195e-05, 'b(AAK)']	[271.17647, -4.195e-05, 'a(GIQ)']	[271.17647, -4.195e-05, 'a(GLQ)']	[271.17647, -4.195e-05, 'y(IR)-NH3']	[271.17647, -4.195e-05, 'y(LR)-NH3']	[271.17647, -4.195e-05, 'y(AAK)-H2O']	[271.17647, -4.195e-05, 'a(KST)-H2O']
272.12462	430.0	4.6%	[272.1241, 0.00010751, 'b(AAE)']	[272.1241, 0.00010751, 'a(DPS)']	[272.1241, 0.00010751, 'b(DGV)']	[272.1241, 0.00010751, 'b(PSS)']	[272.1241, 0.00010751, 'y(AAE)-H2O']	[272.1241, 0.00010751, 'y(AAQ)-NH3']	[272.1241, 0.00010751, 'a(DTT)-H2O']	[272.1241, 0.00010751, 'y(DGV)-H2O']	[272.1241, 0.00010751, 'a(EST)-H2O']	[272.1241, 0.00010751, 'y(GNV)-NH3']	[272.1241, 0.00010751, 'a(NTT)-NH3']	[272.1241, 0.00010751, 'y(PSS)-H2O']	[272.1241, 0.00010751, 'a(QST)-NH3']	[272.1241, 0.00010751, 'b(STT)-H2O']
274.1877	822.9	6.5%	[274.18737, -8.369e-05, 'y(RV)']
275.17178	916.2	8.5%	[275.17138, -1.427e-05, 'y(KQ)']	[275.17138, -1.427e-05, 'y(AGK)']	[275.17138, -1.427e-05, 'a(KSS)']
276.13452	497.1	5.0%	[276.13427, -0.00016484, 'y(AW)']	[276.13427, -0.00016484, 'b(FQ)']	[276.13427, -0.00016484, 'b(AFG)']	[276.13427, -0.00016484, 'y(FQ)-H2O']	[276.13427, -0.00016484, 'a(ASY)-H2O']	[276.13427, -0.00016484, 'y(AFG)-H2O']	[276.13427, -0.00016484, 'a(FSS)-H2O']	[276.13427, -0.00016484, 'a(GTY)-H2O']	[276.13427, -0.00016484, 'b(NPV)-H2O-NH3']
276.15593	878.3	9.3%	[276.1554, 0.00011515, 'y(EK)']	[276.1554, 0.00011515, 'y(ASV)']	[276.1554, 0.00011515, 'y(GIS)']	[276.1554, 0.00011515, 'y(GLS)']	[276.1554, 0.00011515, 'y(GTV)']	[276.1554, 0.00011515, 'a(TTT)']	[276.15673, -0.00121485, 'b(HR)-H2O']
277.11871	704.4	6.7%	[277.11828, 1.457e-05, 'b(EF)']	[277.11828, 1.457e-05, 'y(EF)-H2O']	[277.11828, 1.457e-05, 'y(FQ)-NH3']	[277.11828, 1.457e-05, 'a(ASY)-NH3']	[277.11828, 1.457e-05, 'y(AFG)-NH3']	[277.11828, 1.457e-05, 'b(DPV)-H2O-NH3']	[277.11828, 1.457e-05, 'a(FSS)-NH3']	[277.11828, 1.457e-05, 'a(GTY)-NH3']
277.15508	898.8	8.2%	[277.15467, -5.45e-06, 'b(IY)']	[277.15467, -5.45e-06, 'b(LY)']	[277.15467, -5.45e-06, 'y(FK)-NH3']	[277.15467, -5.45e-06, 'y(IY)-H2O']	[277.15467, -5.45e-06, 'y(LY)-H2O']	[277.15467, -5.45e-06, 'a(EIP)-H2O-NH3']	[277.15467, -5.45e-06, 'a(ELP)-H2O-NH3']	[277.15467, -5.45e-06, 'b(IPT)-H2O-NH3']	[277.15467, -5.45e-06, 'b(LPT)-H2O-NH3']	[277.15467, -5.45e-06, 'b(PPV)-NH3']	[277.15467, -5.45e-06, 'y(PPV)-H2O-NH3']
278.15369	667.6	5.8%	[278.15329, -1.605e-05, 'y(KM)']
279.09788	454.7	4.1%	[279.09755, -8.663e-05, 'b(DY)']	[279.09755, -8.663e-05, 'y(DY)-H2O']	[279.09755, -8.663e-05, 'y(NY)-NH3']	[279.09755, -8.663e-05, 'a(DEP)-H2O-NH3']	[279.09755, -8.663e-05, 'b(DPT)-H2O-NH3']	[279.09755, -8.663e-05, 'b(EPS)-H2O-NH3']	[279.09755, -8.663e-05, 'y(GGY)-NH3']
282.18154	691.6	7.3%	[282.18122, -9.857e-05, 'b(AIP)']	[282.18122, -9.857e-05, 'b(ALP)']	[282.18122, -9.857e-05, 'b(AKV)-NH3']	[282.18122, -9.857e-05, 'y(AIP)-H2O']	[282.18122, -9.857e-05, 'y(AKV)-H2O-NH3']	[282.18122, -9.857e-05, 'y(ALP)-H2O']	[282.18122, -9.857e-05, 'a(DIV)-H2O']	[282.18122, -9.857e-05, 'a(DLV)-H2O']	[282.18122, -9.857e-05, 'a(EVV)-H2O']	[282.18122, -9.857e-05, 'b(GIK)-NH3']	[282.18122, -9.857e-05, 'b(GKL)-NH3']	[282.18122, -9.857e-05, 'y(GIK)-H2O-NH3']	[282.18122, -9.857e-05, 'y(GKL)-H2O-NH3']	[282.18122, -9.857e-05, 'a(INV)-NH3']	[282.18122, -9.857e-05, 'b(ISV)-H2O']	[282.18122, -9.857e-05, 'a(KPT)-NH3']	[282.18122, -9.857e-05, 'a(LNV)-NH3']	[282.18122, -9.857e-05, 'b(LSV)-H2O']	[282.18122, -9.857e-05, 'a(QVV)-NH3']	[282.18122, -9.857e-05, 'b(TVV)-H2O']
284.12456	474.0	5.8%	[284.1241, 4.016e-05, 'b(ADP)']	[284.1241, 4.016e-05, 'b(EGP)']	[284.1241, 4.016e-05, 'a(AEE)-H2O']	[284.1241, 4.016e-05, 'a(AEQ)-NH3']	[284.1241, 4.016e-05, 'b(AET)-H2O']	[284.1241, 4.016e-05, 'b(AQT)-NH3']	[284.1241, 4.016e-05, 'y(ADP)-H2O']	[284.1241, 4.016e-05, 'y(ANP)-NH3']	[284.1241, 4.016e-05, 'y(AQT)-H2O-NH3']	[284.1241, 4.016e-05, 'a(DDV)-H2O']	[284.1241, 4.016e-05, 'a(DNV)-NH3']	[284.1241, 4.016e-05, 'b(DGK)-NH3']	[284.1241, 4.016e-05, 'b(DSV)-H2O']	[284.1241, 4.016e-05, 'y(DGK)-H2O-NH3']	[284.1241, 4.016e-05, 'y(EGP)-H2O']	[284.1241, 4.016e-05, 'y(GPQ)-NH3']	[284.1241, 4.016e-05, 'b(NSV)-NH3']	[284.1241, 4.016e-05, 'y(NSV)-H2O-NH3']
284.16101	436.1	5.3%	[284.16048, 0.00011013, 'y(APP)']	[284.16048, 0.00011013, 'a(DPV)']	[284.16048, 0.00011013, 'b(PSV)']	[284.16048, 0.00011013, 'a(AEK)-NH3']	[284.16048, 0.00011013, 'b(AKT)-NH3']	[284.16048, 0.00011013, 'y(AKT)-H2O-NH3']	[284.16048, 0.00011013, 'a(DIT)-H2O']	[284.16048, 0.00011013, 'a(DLT)-H2O']	[284.16048, 0.00011013, 'a(EIS)-H2O']	[284.16048, 0.00011013, 'a(ELS)-H2O']	[284.16048, 0.00011013, 'a(ETV)-H2O']	[284.16048, 0.00011013, 'y(GKP)-NH3']	[284.16048, 0.00011013, 'a(INT)-NH3']	[284.16048, 0.00011013, 'a(IQS)-NH3']	[284.16048, 0.00011013, 'b(IST)-H2O']	[284.16048, 0.00011013, 'a(LNT)-NH3']	[284.16048, 0.00011013, 'a(LQS)-NH3']	[284.16048, 0.00011013, 'b(LST)-H2O']	[284.16048, 0.00011013, 'y(PSV)-H2O']	[284.16048, 0.00011013, 'a(QTV)-NH3']	[284.16048, 0.00011013, 'b(TTV)-H2O']
284.19727	642.6	5.8%	[284.19687, -1.989e-05, 'b(AIV)']	[284.19687, -1.989e-05, 'b(ALV)']	[284.19687, -1.989e-05, 'b(GII)']	[284.19687, -1.989e-05, 'b(GIL)']	[284.19687, -1.989e-05, 'b(GLL)']	[284.19687, -1.989e-05, 'a(IPT)']	[284.19687, -1.989e-05, 'a(LPT)']	[284.19687, -1.989e-05, 'y(AIV)-H2O']	[284.19687, -1.989e-05, 'y(ALV)-H2O']	[284.19687, -1.989e-05, 'y(GII)-H2O']	[284.19687, -1.989e-05, 'y(GIL)-H2O']	[284.19687, -1.989e-05, 'y(GLL)-H2O']	[284.19687, -1.989e-05, 'a(IKS)-NH3']	[284.19687, -1.989e-05, 'a(KLS)-NH3']	[284.19687, -1.989e-05, 'a(KTV)-NH3']
286.14025	717.4	8.9%	[286.13975, 7.88e-05, 'b(ADV)']	[286.13975, 7.88e-05, 'a(DPT)']	[286.13975, 7.88e-05, 'b(DGI)']	[286.13975, 7.88e-05, 'b(DGL)']	[286.13975, 7.88e-05, 'a(EPS)']	[286.13975, 7.88e-05, 'b(EGV)']	[286.13975, 7.88e-05, 'b(PST)']	[286.13975, 7.88e-05, 'y(ADV)-H2O']	[286.13975, 7.88e-05, 'y(ANV)-NH3']	[286.13975, 7.88e-05, 'a(DKS)-NH3']	[286.13975, 7.88e-05, 'y(DGI)-H2O']	[286.13975, 7.88e-05, 'y(DGL)-H2O']	[286.13975, 7.88e-05, 'a(ETT)-H2O']	[286.13975, 7.88e-05, 'y(EGV)-H2O']	[286.13975, 7.88e-05, 'y(GIN)-NH3']	[286.13975, 7.88e-05, 'y(GLN)-NH3']	[286.13975, 7.88e-05, 'y(GQV)-NH3']	[286.13975, 7.88e-05, 'b(KSS)-NH3']	[286.13975, 7.88e-05, 'y(KSS)-H2O-NH3']	[286.13975, 7.88e-05, 'y(PST)-H2O']	[286.13975, 7.88e-05, 'a(QTT)-NH3']	[286.13975, 7.88e-05, 'b(TTT)-H2O']	[286.14108, -0.0012512, 'a(GHH)-H2O']
288.20342	3201.5	26.6%	[288.20302, -2.265e-05, 'y(IR)']	[288.20302, -2.265e-05, 'y(LR)']
292.12967	540.4	5.6%	[292.12918, 6.444e-05, 'b(QY)']	[292.12918, 6.444e-05, 'y(SW)']	[292.12918, 6.444e-05, 'b(AGY)']	[292.12918, 6.444e-05, 'a(DFG)']	[292.12918, 6.444e-05, 'b(FGS)']	[292.12918, 6.444e-05, 'y(QY)-H2O']	[292.12918, 6.444e-05, 'y(AGY)-H2O']	[292.12918, 6.444e-05, 'b(DPP)-H2O']	[292.12918, 6.444e-05, 'a(EPQ)-H2O-NH3']	[292.12918, 6.444e-05, 'y(FGS)-H2O']	[292.12918, 6.444e-05, 'b(NPP)-NH3']	[292.12918, 6.444e-05, 'y(NPP)-H2O-NH3']	[292.12918, 6.444e-05, 'b(PQT)-H2O-NH3']	[292.12918, 6.444e-05, 'a(SSY)-H2O']
293.11355	501.7	5.1%	[293.1132, -7.633e-05, 'b(EY)']	[293.1132, -7.633e-05, 'y(EY)-H2O']	[293.1132, -7.633e-05, 'y(QY)-NH3']	[293.1132, -7.633e-05, 'y(AGY)-NH3']	[293.1132, -7.633e-05, 'b(DPP)-NH3']	[293.1132, -7.633e-05, 'y(DPP)-H2O-NH3']	[293.1132, -7.633e-05, 'a(EEP)-H2O-NH3']	[293.1132, -7.633e-05, 'b(EPT)-H2O-NH3']	[293.1132, -7.633e-05, 'y(FGS)-NH3']	[293.1132, -7.633e-05, 'a(SSY)-NH3']
294.18171	1342.8	12.8%	[294.18122, 6.282e-05, 'y(FK)']	[294.18122, 6.282e-05, 'b(PPV)']	[294.18122, 6.282e-05, 'a(DIK)-H2O-NH3']	[294.18122, 6.282e-05, 'a(DKL)-H2O-NH3']	[294.18122, 6.282e-05, 'a(EIP)-H2O']	[294.18122, 6.282e-05, 'a(EKV)-H2O-NH3']	[294.18122, 6.282e-05, 'a(ELP)-H2O']	[294.18122, 6.282e-05, 'a(IPQ)-NH3']	[294.18122, 6.282e-05, 'b(IKS)-H2O-NH3']	[294.18122, 6.282e-05, 'b(IPT)-H2O']	[294.18122, 6.282e-05, 'b(KLS)-H2O-NH3']	[294.18122, 6.282e-05, 'b(KTV)-H2O-NH3']	[294.18122, 6.282e-05, 'a(LPQ)-NH3']	[294.18122, 6.282e-05, 'b(LPT)-H2O']	[294.18122, 6.282e-05, 'y(PPV)-H2O']
296.19725	465.6	5.6%	[296.19687, -4.885e-05, 'b(PVV)']	[296.19687, -4.885e-05, 'b(AIK)-NH3']	[296.19687, -4.885e-05, 'b(AKL)-NH3']	[296.19687, -4.885e-05, 'y(AIK)-H2O-NH3']	[296.19687, -4.885e-05, 'y(AKL)-H2O-NH3']	[296.19687, -4.885e-05, 'a(DII)-H2O']	[296.19687, -4.885e-05, 'a(DIL)-H2O']	[296.19687, -4.885e-05, 'a(DLL)-H2O']	[296.19687, -4.885e-05, 'a(EIV)-H2O']	[296.19687, -4.885e-05, 'a(ELV)-H2O']	[296.19687, -4.885e-05, 'a(IIN)-NH3']	[296.19687, -4.885e-05, 'a(ILN)-NH3']	[296.19687, -4.885e-05, 'a(IQV)-NH3']	[296.19687, -4.885e-05, 'b(IIS)-H2O']	[296.19687, -4.885e-05, 'b(ILS)-H2O']	[296.19687, -4.885e-05, 'b(ITV)-H2O']	[296.19687, -4.885e-05, 'a(LLN)-NH3']	[296.19687, -4.885e-05, 'a(LQV)-NH3']	[296.19687, -4.885e-05, 'b(LLS)-H2O']	[296.19687, -4.885e-05, 'b(LTV)-H2O']	[296.19687, -4.885e-05, 'y(PVV)-H2O']
297.15616	438.8	6.8%	[297.15573, 3.3e-07, 'b(APQ)']	[297.15573, 3.3e-07, 'b(ADK)-H2O']	[297.15573, 3.3e-07, 'b(AKN)-NH3']	[297.15573, 3.3e-07, 'y(AKN)-H2O-NH3']	[297.15573, 3.3e-07, 'y(APQ)-H2O']	[297.15573, 3.3e-07, 'a(DIN)-H2O']	[297.15573, 3.3e-07, 'a(DLN)-H2O']	[297.15573, 3.3e-07, 'a(DQV)-H2O']	[297.15573, 3.3e-07, 'a(ENV)-H2O']	[297.15573, 3.3e-07, 'b(EGK)-H2O']	[297.15573, 3.3e-07, 'b(GKQ)-NH3']	[297.15573, 3.3e-07, 'y(GKQ)-H2O-NH3']	[297.15573, 3.3e-07, 'a(INN)-NH3']	[297.15573, 3.3e-07, 'b(INS)-H2O']	[297.15573, 3.3e-07, 'a(LNN)-NH3']	[297.15573, 3.3e-07, 'b(LNS)-H2O']	[297.15573, 3.3e-07, 'a(NQV)-NH3']	[297.15573, 3.3e-07, 'b(NTV)-H2O']	[297.15573, 3.3e-07, 'b(QSV)-H2O']
298.14024	596.7	7.5%	[298.13975, 5.947e-05, 'b(AEP)']	[298.13975, 5.947e-05, 'b(ADK)-NH3']	[298.13975, 5.947e-05, 'y(ADK)-H2O-NH3']	[298.13975, 5.947e-05, 'y(AEP)-H2O']	[298.13975, 5.947e-05, 'y(APQ)-NH3']	[298.13975, 5.947e-05, 'a(DDI)-H2O']	[298.13975, 5.947e-05, 'a(DDL)-H2O']	[298.13975, 5.947e-05, 'a(DEV)-H2O']	[298.13975, 5.947e-05, 'a(DIN)-NH3']	[298.13975, 5.947e-05, 'a(DLN)-NH3']	[298.13975, 5.947e-05, 'a(DQV)-NH3']	[298.13975, 5.947e-05, 'b(DIS)-H2O']	[298.13975, 5.947e-05, 'b(DLS)-H2O']	[298.13975, 5.947e-05, 'b(DTV)-H2O']	[298.13975, 5.947e-05, 'a(ENV)-NH3']	[298.13975, 5.947e-05, 'b(EGK)-NH3']	[298.13975, 5.947e-05, 'b(ESV)-H2O']	[298.13975, 5.947e-05, 'y(EGK)-H2O-NH3']	[298.13975, 5.947e-05, 'b(INS)-NH3']	[298.13975, 5.947e-05, 'y(INS)-H2O-NH3']	[298.13975, 5.947e-05, 'b(LNS)-NH3']	[298.13975, 5.947e-05, 'y(LNS)-H2O-NH3']	[298.13975, 5.947e-05, 'b(NTV)-NH3']	[298.13975, 5.947e-05, 'y(NTV)-H2O-NH3']	[298.13975, 5.947e-05, 'b(QSV)-NH3']	[298.13975, 5.947e-05, 'y(QSV)-H2O-NH3']
299.06215	1142.0	4.9%	[299.06309, -0.00137135, 'a(CCH)-NH3']
299.17205	695.9	8.4%	[299.17138, 0.00023855, 'b(AIN)']	[299.17138, 0.00023855, 'b(ALN)']	[299.17138, 0.00023855, 'b(AQV)']	[299.17138, 0.00023855, 'b(GIQ)']	[299.17138, 0.00023855, 'b(GLQ)']	[299.17138, 0.00023855, 'a(PQT)']	[299.17138, 0.00023855, 'y(AIN)-H2O']	[299.17138, 0.00023855, 'y(ALN)-H2O']	[299.17138, 0.00023855, 'y(AQV)-H2O']	[299.17138, 0.00023855, 'a(DKT)-H2O']	[299.17138, 0.00023855, 'a(EKS)-H2O']	[299.17138, 0.00023855, 'y(GIQ)-H2O']	[299.17138, 0.00023855, 'y(GLQ)-H2O']	[299.17138, 0.00023855, 'a(KNT)-NH3']	[299.17138, 0.00023855, 'a(KQS)-NH3']	[299.17138, 0.00023855, 'b(KST)-H2O']
300.15585	819.2	9.6%	[300.1554, 1.765e-05, 'b(ADI)']	[300.1554, 1.765e-05, 'b(ADL)']	[300.1554, 1.765e-05, 'b(AEV)']	[300.1554, 1.765e-05, 'a(EPT)']	[300.1554, 1.765e-05, 'b(EGI)']	[300.1554, 1.765e-05, 'b(EGL)']	[300.1554, 1.765e-05, 'b(PTT)']	[300.1554, 1.765e-05, 'y(PPS)']	[300.1554, 1.765e-05, 'y(ADI)-H2O']	[300.1554, 1.765e-05, 'y(ADL)-H2O']	[300.1554, 1.765e-05, 'y(AEV)-H2O']	[300.1554, 1.765e-05, 'y(AIN)-NH3']	[300.1554, 1.765e-05, 'y(ALN)-NH3']	[300.1554, 1.765e-05, 'y(AQV)-NH3']	[300.1554, 1.765e-05, 'a(DKT)-NH3']	[300.1554, 1.765e-05, 'a(EKS)-NH3']	[300.1554, 1.765e-05, 'y(EGI)-H2O']	[300.1554, 1.765e-05, 'y(EGL)-H2O']	[300.1554, 1.765e-05, 'y(GIQ)-NH3']	[300.1554, 1.765e-05, 'y(GLQ)-NH3']	[300.1554, 1.765e-05, 'b(KST)-NH3']	[300.1554, 1.765e-05, 'y(KST)-H2O-NH3']	[300.1554, 1.765e-05, 'y(PTT)-H2O']	[300.15673, -0.00131235, 'a(AHH)-H2O']
301.18753	459.2	3.5%	[301.18703, 6.668e-05, 'a(AEK)']	[301.18703, 6.668e-05, 'b(AKT)']	[301.18703, 6.668e-05, 'y(GKP)']	[301.18703, 6.668e-05, 'a(INT)']	[301.18703, 6.668e-05, 'a(IQS)']	[301.18703, 6.668e-05, 'a(LNT)']	[301.18703, 6.668e-05, 'a(LQS)']	[301.18703, 6.668e-05, 'a(QTV)']	[301.18703, 6.668e-05, 'y(AKT)-H2O']
303.17785	480.0	5.4%	[303.17753, -0.00011526, 'y(QR)']	[303.17753, -0.00011526, 'y(AGR)']	[303.17753, -0.00011526, 'a(RSS)']
304.16205	660.3	7.3%	[304.16155, 6.375e-05, 'y(ER)']
310.17657	817.7	7.6%	[310.17613, -2.88e-06, 'y(KY)']	[310.17613, -2.88e-06, 'y(PPP)']	[310.17613, -2.88e-06, 'b(DIV)-H2O']	[310.17613, -2.88e-06, 'b(DLV)-H2O']	[310.17613, -2.88e-06, 'a(EKP)-NH3']	[310.17613, -2.88e-06, 'b(EVV)-H2O']	[310.17613, -2.88e-06, 'b(INV)-NH3']	[310.17613, -2.88e-06, 'y(INV)-H2O-NH3']	[310.17613, -2.88e-06, 'b(KPT)-NH3']	[310.17613, -2.88e-06, 'y(KPT)-H2O-NH3']	[310.17613, -2.88e-06, 'b(LNV)-NH3']	[310.17613, -2.88e-06, 'y(LNV)-H2O-NH3']	[310.17613, -2.88e-06, 'b(QVV)-NH3']	[310.17613, -2.88e-06, 'y(QVV)-H2O-NH3']
310.21299	457.0	5.3%	[310.21252, 2.708e-05, 'b(IPV)']	[310.21252, 2.708e-05, 'b(LPV)']	[310.21252, 2.708e-05, 'a(EII)-H2O']	[310.21252, 2.708e-05, 'a(EIL)-H2O']	[310.21252, 2.708e-05, 'a(ELL)-H2O']	[310.21252, 2.708e-05, 'a(IIQ)-NH3']	[310.21252, 2.708e-05, 'a(ILQ)-NH3']	[310.21252, 2.708e-05, 'b(IIT)-H2O']	[310.21252, 2.708e-05, 'b(ILT)-H2O']	[310.21252, 2.708e-05, 'y(IPV)-H2O']	[310.21252, 2.708e-05, 'b(KVV)-NH3']	[310.21252, 2.708e-05, 'y(KVV)-H2O-NH3']	[310.21252, 2.708e-05, 'a(LLQ)-NH3']	[310.21252, 2.708e-05, 'b(LLT)-H2O']	[310.21252, 2.708e-05, 'y(LPV)-H2O']
311.17204	605.8	8.2%	[311.17138, 0.00021592, 'b(NPV)']	[311.17138, 0.00021592, 'b(AEK)-H2O']	[311.17138, 0.00021592, 'b(AKQ)-NH3']	[311.17138, 0.00021592, 'y(AKQ)-H2O-NH3']	[311.17138, 0.00021592, 'a(DIQ)-H2O']	[311.17138, 0.00021592, 'a(DLQ)-H2O']	[311.17138, 0.00021592, 'a(EIN)-H2O']	[311.17138, 0.00021592, 'a(ELN)-H2O']	[311.17138, 0.00021592, 'a(EQV)-H2O']	[311.17138, 0.00021592, 'a(INQ)-NH3']	[311.17138, 0.00021592, 'b(INT)-H2O']	[311.17138, 0.00021592, 'b(IQS)-H2O']	[311.17138, 0.00021592, 'a(LNQ)-NH3']	[311.17138, 0.00021592, 'b(LNT)-H2O']	[311.17138, 0.00021592, 'b(LQS)-H2O']	[311.17138, 0.00021592, 'y(NPV)-H2O']	[311.17138, 0.00021592, 'a(QQV)-NH3']	[311.17138, 0.00021592, 'b(QTV)-H2O']
312.15573	563.8	7.7%	[312.1554, -0.00011529, 'b(DPV)']	[312.1554, -0.00011529, 'b(AEK)-NH3']	[312.1554, -0.00011529, 'y(AEK)-H2O-NH3']	[312.1554, -0.00011529, 'a(DEI)-H2O']	[312.1554, -0.00011529, 'a(DEL)-H2O']	[312.1554, -0.00011529, 'a(DIQ)-NH3']	[312.1554, -0.00011529, 'a(DLQ)-NH3']	[312.1554, -0.00011529, 'b(DIT)-H2O']	[312.1554, -0.00011529, 'b(DLT)-H2O']	[312.1554, -0.00011529, 'y(DPV)-H2O']	[312.1554, -0.00011529, 'a(EEV)-H2O']	[312.1554, -0.00011529, 'a(EIN)-NH3']	[312.1554, -0.00011529, 'a(ELN)-NH3']	[312.1554, -0.00011529, 'a(EQV)-NH3']	[312.1554, -0.00011529, 'b(EIS)-H2O']	[312.1554, -0.00011529, 'b(ELS)-H2O']	[312.1554, -0.00011529, 'b(ETV)-H2O']	[312.1554, -0.00011529, 'b(INT)-NH3']	[312.1554, -0.00011529, 'b(IQS)-NH3']	[312.1554, -0.00011529, 'y(INT)-H2O-NH3']	[312.1554, -0.00011529, 'y(IQS)-H2O-NH3']	[312.1554, -0.00011529, 'b(LNT)-NH3']	[312.1554, -0.00011529, 'b(LQS)-NH3']	[312.1554, -0.00011529, 'y(LNT)-H2O-NH3']	[312.1554, -0.00011529, 'y(LQS)-H2O-NH3']	[312.1554, -0.00011529, 'y(NPV)-NH3']	[312.1554, -0.00011529, 'b(QTV)-NH3']	[312.1554, -0.00011529, 'y(QTV)-H2O-NH3']
313.18764	490.4	6.5%	[313.18703, 0.0001634, 'b(AIQ)']	[313.18703, 0.0001634, 'b(ALQ)']	[313.18703, 0.0001634, 'a(DKP)']	[313.18703, 0.0001634, 'b(KPS)']	[313.18703, 0.0001634, 'b(NVV)']	[313.18703, 0.0001634, 'y(AIQ)-H2O']	[313.18703, 0.0001634, 'y(ALQ)-H2O']	[313.18703, 0.0001634, 'a(EKT)-H2O']	[313.18703, 0.0001634, 'a(KQT)-NH3']	[313.18703, 0.0001634, 'b(KTT)-H2O']	[313.18703, 0.0001634, 'y(KPS)-H2O']	[313.18703, 0.0001634, 'y(NVV)-H2O']
315.16693	533.1	7.5%	[315.1663, 0.0001808, 'b(ADK)']	[315.1663, 0.0001808, 'y(APQ)']	[315.1663, 0.0001808, 'a(DIN)']	[315.1663, 0.0001808, 'a(DLN)']	[315.1663, 0.0001808, 'a(DQV)']	[315.1663, 0.0001808, 'a(ENV)']	[315.1663, 0.0001808, 'b(EGK)']	[315.1663, 0.0001808, 'b(INS)']	[315.1663, 0.0001808, 'b(LNS)']	[315.1663, 0.0001808, 'b(NTV)']	[315.1663, 0.0001808, 'b(QSV)']	[315.1663, 0.0001808, 'y(ADK)-H2O']	[315.1663, 0.0001808, 'y(AKN)-NH3']	[315.1663, 0.0001808, 'y(EGK)-H2O']	[315.1663, 0.0001808, 'y(GKQ)-NH3']	[315.1663, 0.0001808, 'y(INS)-H2O']	[315.1663, 0.0001808, 'y(LNS)-H2O']	[315.1663, 0.0001808, 'y(NTV)-H2O']	[315.1663, 0.0001808, 'y(QSV)-H2O']
317.21887	482.6	4.9%	[317.21833, 8.796e-05, 'y(AKV)']	[317.21833, 8.796e-05, 'y(GIK)']	[317.21833, 8.796e-05, 'y(GKL)']
322.18774	674.2	6.4%	[322.18737, -8.955e-05, 'y(FR)']	[322.18737, -8.955e-05, 'b(AHI)']	[322.18737, -8.955e-05, 'b(AHL)']	[322.18737, -8.955e-05, 'y(AHI)-H2O']	[322.18737, -8.955e-05, 'y(AHL)-H2O']	[322.18737, -8.955e-05, 'a(DIR)-H2O-NH3']	[322.18737, -8.955e-05, 'a(DLR)-H2O-NH3']	[322.18737, -8.955e-05, 'a(ERV)-H2O-NH3']	[322.18737, -8.955e-05, 'a(HKT)-NH3']	[322.18737, -8.955e-05, 'b(IRS)-H2O-NH3']	[322.18737, -8.955e-05, 'a(KQQ)-H2O-NH3']	[322.18737, -8.955e-05, 'b(KNP)-H2O']	[322.18737, -8.955e-05, 'b(LRS)-H2O-NH3']	[322.18737, -8.955e-05, 'b(RTV)-H2O-NH3']
325.18766	562.5	8.2%	[325.18703, 0.00016544, 'b(INP)']	[325.18703, 0.00016544, 'b(LNP)']	[325.18703, 0.00016544, 'b(PQV)']	[325.18703, 0.00016544, 'b(DKV)-H2O']	[325.18703, 0.00016544, 'a(EIQ)-H2O']	[325.18703, 0.00016544, 'a(ELQ)-H2O']	[325.18703, 0.00016544, 'a(IQQ)-NH3']	[325.18703, 0.00016544, 'b(IQT)-H2O']	[325.18703, 0.00016544, 'y(INP)-H2O']	[325.18703, 0.00016544, 'b(KNV)-NH3']	[325.18703, 0.00016544, 'y(KNV)-H2O-NH3']	[325.18703, 0.00016544, 'a(LQQ)-NH3']	[325.18703, 0.00016544, 'b(LQT)-H2O']	[325.18703, 0.00016544, 'y(LNP)-H2O']	[325.18703, 0.00016544, 'y(PQV)-H2O']
326.17167	494.1	6.7%	[326.17105, 0.00015371, 'b(DIP)']	[326.17105, 0.00015371, 'b(DLP)']	[326.17105, 0.00015371, 'b(EPV)']	[326.17105, 0.00015371, 'b(DKV)-NH3']	[326.17105, 0.00015371, 'y(DIP)-H2O']	[326.17105, 0.00015371, 'y(DKV)-H2O-NH3']	[326.17105, 0.00015371, 'y(DLP)-H2O']	[326.17105, 0.00015371, 'a(EEI)-H2O']	[326.17105, 0.00015371, 'a(EEL)-H2O']	[326.17105, 0.00015371, 'a(EIQ)-NH3']	[326.17105, 0.00015371, 'a(ELQ)-NH3']	[326.17105, 0.00015371, 'b(EIT)-H2O']	[326.17105, 0.00015371, 'b(ELT)-H2O']	[326.17105, 0.00015371, 'y(EPV)-H2O']	[326.17105, 0.00015371, 'b(IQT)-NH3']	[326.17105, 0.00015371, 'y(INP)-NH3']	[326.17105, 0.00015371, 'y(IQT)-H2O-NH3']	[326.17105, 0.00015371, 'b(LQT)-NH3']	[326.17105, 0.00015371, 'y(LNP)-NH3']	[326.17105, 0.00015371, 'y(LQT)-H2O-NH3']	[326.17105, 0.00015371, 'y(PQV)-NH3']	[326.17238, -0.00117629, 'a(HHP)-H2O']
329.18262	453.8	6.8%	[329.18195, 0.0001982, 'b(AEK)']	[329.18195, 0.0001982, 'a(DIQ)']	[329.18195, 0.0001982, 'a(DLQ)']	[329.18195, 0.0001982, 'a(EIN)']	[329.18195, 0.0001982, 'a(ELN)']	[329.18195, 0.0001982, 'a(EQV)']	[329.18195, 0.0001982, 'b(INT)']	[329.18195, 0.0001982, 'b(IQS)']	[329.18195, 0.0001982, 'b(LNT)']	[329.18195, 0.0001982, 'b(LQS)']	[329.18195, 0.0001982, 'y(NPV)']	[329.18195, 0.0001982, 'b(QTV)']	[329.18195, 0.0001982, 'y(AEK)-H2O']	[329.18195, 0.0001982, 'y(AKQ)-NH3']	[329.18195, 0.0001982, 'y(INT)-H2O']	[329.18195, 0.0001982, 'y(IQS)-H2O']	[329.18195, 0.0001982, 'y(LNT)-H2O']	[329.18195, 0.0001982, 'y(LQS)-H2O']	[329.18195, 0.0001982, 'y(QTV)-H2O']
338.18265	502.9	5.7%	[338.18228, -0.00012027, 'y(RY)']	[338.18228, -0.00012027, 'a(DHI)']	[338.18228, -0.00012027, 'a(DHL)']	[338.18228, -0.00012027, 'a(EHV)']	[338.18228, -0.00012027, 'b(HIS)']	[338.18228, -0.00012027, 'b(HLS)']	[338.18228, -0.00012027, 'b(HTV)']	[338.18228, -0.00012027, 'y(AHK)-NH3']	[338.18228, -0.00012027, 'a(EPR)-NH3']	[338.18228, -0.00012027, 'y(HIS)-H2O']	[338.18228, -0.00012027, 'y(HLS)-H2O']	[338.18228, -0.00012027, 'y(HTV)-H2O']	[338.18228, -0.00012027, 'b(INQ)-H2O']	[338.18228, -0.00012027, 'b(LNQ)-H2O']	[338.18228, -0.00012027, 'b(PRT)-NH3']	[338.18228, -0.00012027, 'y(PRT)-H2O-NH3']	[338.18228, -0.00012027, 'b(QQV)-H2O']
341.21902	598.6	7.4%	[341.21833, 0.00019291, 'b(IIN)']	[341.21833, 0.00019291, 'b(ILN)']	[341.21833, 0.00019291, 'b(IQV)']	[341.21833, 0.00019291, 'y(KPP)']	[341.21833, 0.00019291, 'b(LLN)']	[341.21833, 0.00019291, 'b(LQV)']	[341.21833, 0.00019291, 'a(EKK)-NH3']	[341.21833, 0.00019291, 'y(IIN)-H2O']	[341.21833, 0.00019291, 'y(ILN)-H2O']	[341.21833, 0.00019291, 'y(IQV)-H2O']	[341.21833, 0.00019291, 'b(KKT)-NH3']	[341.21833, 0.00019291, 'y(KKT)-H2O-NH3']	[341.21833, 0.00019291, 'y(LLN)-H2O']	[341.21833, 0.00019291, 'y(LQV)-H2O']
357.1771	428.0	7.5%	[357.17686, -0.0002964, 'b(DIQ)']	[357.17686, -0.0002964, 'b(DLQ)']	[357.17686, -0.0002964, 'b(EIN)']	[357.17686, -0.0002964, 'b(ELN)']	[357.17686, -0.0002964, 'b(EQV)']	[357.17686, -0.0002964, 'y(DIQ)-H2O']	[357.17686, -0.0002964, 'y(DLQ)-H2O']	[357.17686, -0.0002964, 'y(EIN)-H2O']	[357.17686, -0.0002964, 'y(ELN)-H2O']	[357.17686, -0.0002964, 'y(EQV)-H2O']	[357.17686, -0.0002964, 'y(INQ)-NH3']	[357.17686, -0.0002964, 'y(LNQ)-NH3']	[357.17686, -0.0002964, 'y(QQV)-NH3']	[357.1782, -0.0016364, 'a(HHQ)-H2O']
359.02896	1720.7	5.8%
360.02945	754.9	3.4%
361.0269	530.2	2.7%
