uncorrected m/z	corrected m/z	intensity	percentage of spectra	primary identification	other identifications
56.05034	56.04955	100.0	0.2%	[56.04948, 1.72, 'IT-H2O']	[56.04948, 1.72, 'IQ-CO-NH3']	[56.04948, 1.72, 'IK-C2H4-NH3']	[56.04948, 1.72, 'IR-C2H4N2-NH3']
60.04522	60.04443	252.5	0.6%	[60.04439, 1.03, 'IS']
69.03425	69.03349	427.1	0.6%	[69.03349, 0.07, 'IV+CO-NH3-CH2']	[69.03349, 0.07, 'IL[Acetyl]-C3H6-NH3']
69.07068	69.06992	180.1	0.7%	[69.06988, 0.65, 'II-NH3']	[69.06988, 0.65, 'IL-NH3']
70.0659	70.06514	3941.4	6.7%	[70.06513, 0.26, 'IP']	[70.06513, 0.26, 'IR-CH5N3']	[70.06513, 0.26, 'IR-CH2N2-NH3']
71.08629	71.08554	88.7	0.2%	[71.08553, 0.16, 'C5H11']
72.08153	72.08078	5645.3	7.5%	[72.08078, 0.07, 'IV']	[72.08078, 0.07, 'II-CH2']	[72.08078, 0.07, 'IL-CH2']
73.02913	73.02839	187.9	0.5%	[73.02841, -0.28, 'y{A}-NH3']
73.04756	73.04682	67.7	0.3%
73.06555	73.06481	107.3	0.4%	[73.06479, 0.27, 'C4H9O']
74.06079	74.06005	1047.8	2.9%	[74.06004, 0.19, 'IT']
75.04481	75.04408	189.1	0.6%	[75.04406, 0.25, 'C3H7O2']
75.05603	75.0553	82.7	0.2%	[75.05529, 0.11, 'C2H7N2O']
81.03415	81.03345	65.7	0.2%	[81.03349, -0.46, 'b{P}-NH3']	[81.03349, -0.46, 'y{P}-H2O-NH3']	[81.03349, -0.46, 'IR+H2O-N3H7-NH3']
83.04981	83.04913	134.6	0.5%	[83.04914, -0.16, 'b{V}-NH3']	[83.04914, -0.16, 'y{V}-H2O-NH3']
83.06105	83.06037	52.6	0.3%	[83.06037, -0.04, 'IQ-H2O']	[83.06037, -0.04, 'IR-CH6N2']	[83.06037, -0.04, 'a{AG}-H2O']	[83.06037, -0.04, 'IR-CH3N-NH3']
84.04507	84.0444	1841.1	7.9%	[84.04439, 0.05, 'IQ-NH3']	[84.04439, 0.05, 'IE-H2O']	[84.04439, 0.05, 'b{T}-H2O']	[84.04439, 0.05, 'IT+CO-H2O']	[84.04439, 0.05, 'a{AG}-NH3']
84.08145	84.08078	4163.2	12.5%	[84.08078, -0.07, 'IK-NH3']
85.01132	85.01065	827.8	3.3%	[85.01065, 0.02, 'IM[Oxidation]-H2O-NH3']	[85.01065, 0.02, 'IM[Acetyl]-C2H2-H2O-NH3']
86.09172	86.09106	72.8	0.2%
86.09709	86.09643	17965.8	17.2%	[86.09643, -0.0, 'II']	[86.09643, -0.0, 'IL']
86.1026	86.10194	102.0	0.2%
87.0447	87.04405	872.8	1.6%	[87.04406, -0.15, 'C4H7O2']
87.05593	87.05528	600.6	2.8%	[87.05529, -0.15, 'IN']	[87.05529, -0.15, 'a{GG}']	[87.05529, -0.15, 'IS+CO+NH3-H2O']
87.1004	87.09975	310.1	2.0%	[87.09978, -0.37, 'II+i']	[87.09978, -0.37, 'IL+i']
88.03994	88.0393	591.7	2.2%	[88.0393, -0.05, 'ID']	[88.0393, -0.05, 'b{S}']	[88.0393, -0.05, 'IS+CO']	[88.0393, -0.05, 'y{S}-H2O']
89.06033	89.0597	2117.8	2.2%	[89.05971, -0.18, 'C4H9O2']
90.06365	90.06303	42.6	0.2%
91.05485	91.05423	52.2	0.3%	[91.05423, 0.01, 'IF-CH3N']	[91.05423, 0.01, 'IY-CO-NH3']
91.05799	91.05737	161.1	0.6%
92.01707	92.01646	1218.4	5.1%
95.04972	95.04914	99.1	0.5%	[95.04914, -0.03, 'IK+CO-NH3-NH3']
98.06057	98.06002	78.6	0.4%	[98.06004, -0.24, 'b{P}']	[98.06004, -0.24, 'y{P}-H2O']	[98.06004, -0.24, 'a{AA}-NH3']	[98.06004, -0.24, 'IR+H2O-N3H7']
98.98473	98.98419	325.3	0.7%	[98.98417, 0.16, 'H4PO4']
99.04459	99.04405	286.7	0.8%	[99.04406, -0.14, 'y{P}-NH3']	[99.04406, -0.14, 'IR+H2O+H2O-N3H7-NH3']
99.05582	99.05528	41.5	0.2%	[99.05529, -0.14, 'a{GS}-H2O']
101.07147	101.07095	1439.4	6.8%	[101.07094, 0.06, 'IQ']	[101.07094, 0.06, 'a{AG}']	[101.07094, 0.06, 'IT+CO+NH3-H2O']
101.10785	101.10733	78.6	0.6%	[101.10732, 0.07, 'IK']
102.05547	102.05496	1512.2	8.4%	[102.05495, 0.06, 'IE']	[102.05495, 0.06, 'b{T}']	[102.05495, 0.06, 'IT+CO']	[102.05495, 0.06, 'y{T}-H2O']
103.03948	103.03898	50.6	0.1%	[103.03897, 0.06, 'y{T}-NH3']
104.05335	104.05286	1009.8	3.5%	[104.05285, 0.07, 'IM']
105.06636	105.06588	115.1	0.4%	[105.06585, 0.26, 'C3H9N2O2']	[105.06585, 0.26, 'IS+CO+NH3']
110.07173	110.0713	2158.5	10.3%	[110.07127, 0.27, 'IH']
111.04447	111.04405	337.4	1.1%	[111.04406, -0.09, 'C6H7O2']
112.08735	112.08694	185.0	1.6%	[112.08692, 0.18, 'IR-NH3']
113.06009	113.05969	88.0	0.6%	[113.05971, -0.17, 'IK+CO+H2O-NH3-NH3']
113.07136	113.07096	94.4	0.6%	[113.07094, 0.18, 'a{AS}-H2O']	[113.07094, 0.18, 'a{GT}-H2O']
115.02161	115.02123	81.2	0.7%	[115.02121, 0.18, 'b{M}-NH3']	[115.02121, 0.18, 'y{M}-H2O-NH3']
115.05058	115.0502	87.1	0.6%	[115.0502, 0.01, 'b{N}']	[115.0502, 0.01, 'b{GG}']	[115.0502, 0.01, 'y{N}-H2O']	[115.0502, 0.01, 'y{GG}-H2O']
115.08698	115.0866	256.2	1.8%	[115.08659, 0.1, 'a{AA}']
116.07099	116.07062	173.7	1.1%	[116.0706, 0.18, 'y{P}']	[116.0706, 0.18, 'IR+H2O+H2O-N3H7']
117.06621	117.06585	73.4	0.4%	[117.06585, 0.01, 'a{GS}']
117.10264	117.10228	65.0	0.3%	[117.10224, 0.35, 'C5H13N2O']
119.04948	119.04914	100.7	0.8%	[119.04914, 0.0, 'IY-NH3']
120.08111	120.08078	5826.6	21.1%	[120.08078, 0.0, 'IF']
121.08452	121.0842	141.1	1.4%	[121.08413, 0.58, 'IF+i']
126.05523	126.05495	82.8	0.6%	[126.05495, 0.03, 'b{AA}-NH3']	[126.05495, 0.03, 'y{AA}-H2O-NH3']	[126.05495, 0.03, 'a{ST}-H2O-NH3']
127.05048	127.05021	80.3	0.6%	[127.0502, 0.1, 'a{DG}-H2O']	[127.0502, 0.1, 'a{GN}-NH3']	[127.0502, 0.1, 'b{GS}-H2O']	[127.0502, 0.1, 'a{GGG}-NH3']
127.08686	127.08659	273.0	1.5%	[127.08659, 0.02, 'a{GP}']	[127.08659, 0.02, 'a{AT}-H2O']
128.10722	128.10696	54.2	0.5%	[128.10699, -0.23, 'IL[Acetyl]']
129.05485	129.0546	100.8	0.9%	[129.05462, -0.17, 'C6H9O3']
129.0661	129.06585	379.2	3.0%	[129.06585, -0.01, 'b{Q}']	[129.06585, -0.01, 'IQ+CO']	[129.06585, -0.01, 'b{AG}']	[129.06585, -0.01, 'y{Q}-H2O']	[129.06585, -0.01, 'y{AG}-H2O']	[129.06585, -0.01, 'a{SS}-H2O']
129.1025	129.10225	6806.2	29.9%	[129.10224, 0.07, 'b{K}']	[129.10224, 0.07, 'IK+CO']	[129.10224, 0.07, 'a{GV}']	[129.10224, 0.07, 'y{K}-H2O']
130.05012	130.04988	101.9	0.8%	[130.04987, 0.04, 'b{E}']	[130.04987, 0.04, 'y{E}-H2O']	[130.04987, 0.04, 'y{Q}-NH3']	[130.04987, 0.04, 'y{AG}-NH3']	[130.04987, 0.04, 'a{SS}-NH3']
130.06539	130.06515	453.2	2.6%	[130.06513, 0.12, 'IW-CH3N']	[130.06513, 0.12, 'b{F}-H2O']
130.08648	130.08624	1610.8	11.6%	[130.08626, -0.19, 'y{K}-NH3']	[130.08626, -0.19, 'IK+CO+H2O-NH3']
131.07049	131.07025	361.7	2.7%	[131.07027, -0.13, 'C6H11O3']
131.08169	131.08145	229.3	1.5%	[131.0815, -0.36, 'a{AS}']	[131.0815, -0.36, 'a{GT}']
131.11812	131.11788	158.6	0.9%	[131.11789, -0.05, 'C6H15N2O']
132.07697	132.07674	44.1	0.2%	[132.07675, -0.08, 'C4H10N3O2']
132.08099	132.08076	165.1	1.1%	[132.08078, -0.15, 'IW-CHN']	[132.08078, -0.15, 'a{PP}-H2O-NH3']
132.10216	132.10193	51.4	0.2%	[132.10191, 0.15, 'y{I}']	[132.10191, 0.15, 'y{L}']
133.04321	133.04299	363.2	2.1%	[133.04301, -0.18, 'a{CG}']	[133.04301, -0.18, 'IC[Carbamidomethyl]']
133.06099	133.06077	212.0	0.8%	[133.06077, -0.03, 'y{N}']	[133.06077, -0.03, 'y{GG}']
133.08611	133.08589	1291.6	2.9%	[133.08592, -0.25, 'C6H13O3']
136.07588	136.07568	5816.4	24.2%	[136.07569, -0.11, 'IY']	[136.07569, -0.11, 'b{AV}-H2O-NH3']	[136.07569, -0.11, 'b{GI}-H2O-NH3']	[136.07569, -0.11, 'b{GL}-H2O-NH3']	[136.07569, -0.11, 'a{PT}-H2O-NH3']
137.05987	137.05967	57.8	0.4%	[137.05971, -0.29, 'C8H9O2']
137.07927	137.07907	115.1	1.4%	[137.07904, 0.22, 'IY+i']	[137.07904, 0.22, 'b{AV}-H2O-NH3+i']	[137.07904, 0.22, 'b{GI}-H2O-NH3+i']	[137.07904, 0.22, 'b{GL}-H2O-NH3+i']	[137.07904, 0.22, 'a{PT}-H2O-NH3+i']
141.06597	141.06579	166.7	1.3%	[141.06585, -0.44, 'a{AD}-H2O']	[141.06585, -0.44, 'a{AN}-NH3']	[141.06585, -0.44, 'b{AS}-H2O']	[141.06585, -0.44, 'a{EG}-H2O']	[141.06585, -0.44, 'a{GQ}-NH3']	[141.06585, -0.44, 'b{GT}-H2O']	[141.06585, -0.44, 'a{AGG}-NH3']
141.10238	141.1022	331.8	2.3%	[141.10224, -0.3, 'a{AP}']	[141.10224, -0.3, 'a{GK}-NH3']	[141.10224, -0.3, 'a{SV}-H2O']
142.12278	142.12261	46.4	0.3%	[142.12264, -0.27, 'C8H16NO']
143.08167	143.0815	237.7	1.6%	[143.0815, -0.03, 'b{AA}']	[143.0815, -0.03, 'y{AA}-H2O']	[143.0815, -0.03, 'a{ST}-H2O']
143.11806	143.11789	1143.6	5.5%	[143.11789, -0.03, 'a{AV}']	[143.11789, -0.03, 'a{GI}']	[143.11789, -0.03, 'a{GL}']
145.06092	145.06076	117.5	1.1%	[145.06077, -0.12, 'a{DG}']	[145.06077, -0.12, 'b{GS}']	[145.06077, -0.12, 'y{GS}-H2O']
145.09731	145.09715	144.9	0.8%	[145.09715, -0.05, 'a{AT}']
147.07657	147.07641	138.4	0.9%	[147.07642, -0.09, 'y{Q}']	[147.07642, -0.09, 'y{AG}']	[147.07642, -0.09, 'a{SS}']
147.11294	147.11278	2664.1	19.0%	[147.1128, -0.15, 'y{K}']	[147.1128, -0.15, 'IK+CO+H2O']
149.0235	149.02335	213.4	0.6%	[149.02332, 0.14, 'C8H5O3']
149.08102	149.08087	152.2	1.3%	[149.08217, -8.78, 'a{GH}-H2O']
153.10237	153.10222	41.3	0.3%	[153.10224, -0.15, 'b{AV}-H2O']	[153.10224, -0.15, 'b{GI}-H2O']	[153.10224, -0.15, 'b{GL}-H2O']	[153.10224, -0.15, 'a{PT}-H2O']	[153.10224, -0.15, 'a{KS}-H2O-NH3']
155.07038	155.07023	182.7	1.0%	[155.07027, -0.27, 'C8H11O3']
155.08165	155.0815	281.1	2.5%	[155.0815, -0.01, 'b{GP}']	[155.0815, -0.01, 'a{AE}-H2O']	[155.0815, -0.01, 'a{AQ}-NH3']	[155.0815, -0.01, 'b{AT}-H2O']	[155.0815, -0.01, 'y{GP}-H2O']	[155.0815, -0.01, 'a{AAG}-NH3']
155.11802	155.11787	107.4	0.9%	[155.11789, -0.14, 'a{AK}-NH3']	[155.11789, -0.14, 'a{IS}-H2O']	[155.11789, -0.14, 'a{LS}-H2O']	[155.11789, -0.14, 'a{TV}-H2O']
156.07691	156.07676	75.6	0.4%	[156.07675, 0.05, 'y{H}']	[156.07675, 0.05, 'IH+CO+H2O']	[156.07675, 0.05, 'a{NS}-H2O']	[156.07675, 0.05, 'a{GGS}-H2O']
157.061	157.06085	92.6	0.8%	[157.06077, 0.5, 'a{DS}-H2O']	[157.06077, 0.5, 'a{NS}-NH3']	[157.06077, 0.5, 'b{SS}-H2O']	[157.06077, 0.5, 'a{GGS}-NH3']
157.0973	157.09715	340.7	2.1%	[157.09715, -0.01, 'b{GV}']	[157.09715, -0.01, 'a{PS}']	[157.09715, -0.01, 'y{GV}-H2O']	[157.09715, -0.01, 'a{TT}-H2O']
157.13373	157.13358	584.0	3.7%	[157.13354, 0.25, 'a{AI}']	[157.13354, 0.25, 'a{AL}']
158.09258	158.09243	266.3	3.2%	[158.0924, 0.18, 'a{AN}']	[158.0924, 0.18, 'a{GQ}']	[158.0924, 0.18, 'a{AGG}']	[158.0924, 0.18, 'y{R}-NH3']	[158.0924, 0.18, 'IR+CO+H2O-NH3']	[158.0924, 0.18, 'IK+CO+H2ON2-NH3']
159.07666	159.07651	345.6	2.7%	[159.07642, 0.56, 'a{AD}']	[159.07642, 0.56, 'b{AS}']	[159.07642, 0.56, 'a{EG}']	[159.07642, 0.56, 'b{GT}']	[159.07642, 0.56, 'y{AS}-H2O']	[159.07642, 0.56, 'y{GT}-H2O']
159.09181	159.09166	1170.2	6.6%	[159.09167, -0.07, 'IW']	[159.09167, -0.07, 'a{FG}-H2O']
159.11299	159.11284	263.2	1.5%	[159.1128, 0.24, 'a{SV}']
160.04286	160.04271	331.7	3.6%	[160.04268, 0.18, 'a{CT}-NH3']	[160.04268, 0.18, 'a{GM[Oxidation]}-NH3']
161.09225	161.0921	124.8	0.8%	[161.09207, 0.17, 'y{AA}']	[161.09207, 0.17, 'a{ST}']
165.10238	165.10222	55.4	0.3%	[165.10224, -0.1, 'b{AK}-H2O-NH3']	[165.10224, -0.1, 'a{IN}-H2O-NH3']	[165.10224, -0.1, 'a{LN}-H2O-NH3']	[165.10224, -0.1, 'a{QV}-H2O-NH3']	[165.10224, -0.1, 'a{AGV}-H2O-NH3']	[165.10224, -0.1, 'a{GGI}-H2O-NH3']	[165.10224, -0.1, 'a{GGL}-H2O-NH3']
167.05558	167.05542	140.5	1.1%	[167.05502, 2.4, 'C5H11O6']
167.08167	167.08151	100.7	1.0%	[167.0815, 0.07, 'a{DP}-H2O']	[167.0815, 0.07, 'a{NP}-NH3']	[167.0815, 0.07, 'b{PS}-H2O']	[167.0815, 0.07, 'a{GGP}-NH3']	[167.0815, 0.07, 'a{QT}-H2O-NH3']	[167.0815, 0.07, 'a{AAS}-H2O-NH3']	[167.0815, 0.07, 'a{AGT}-H2O-NH3']
169.061	169.06083	75.6	0.7%	[169.06077, 0.4, 'b{AD}-H2O']	[169.06077, 0.4, 'b{AN}-NH3']	[169.06077, 0.4, 'b{EG}-H2O']	[169.06077, 0.4, 'b{GQ}-NH3']	[169.06077, 0.4, 'b{AGG}-NH3']	[169.06077, 0.4, 'y{AN}-H2O-NH3']	[169.06077, 0.4, 'y{GQ}-H2O-NH3']	[169.06077, 0.4, 'y{AGG}-H2O-NH3']	[169.06077, 0.4, 'a{GSS}-H2O-NH3']
169.09735	169.09718	361.7	3.2%	[169.09715, 0.22, 'b{AP}']	[169.09715, 0.22, 'y{AP}-H2O']	[169.09715, 0.22, 'a{DV}-H2O']	[169.09715, 0.22, 'b{GK}-NH3']	[169.09715, 0.22, 'a{NV}-NH3']	[169.09715, 0.22, 'b{SV}-H2O']	[169.09715, 0.22, 'a{AAA}-NH3']	[169.09715, 0.22, 'a{GGV}-NH3']	[169.09715, 0.22, 'y{GK}-H2O-NH3']
169.1337	169.13353	278.9	2.5%	[169.13354, -0.01, 'a{PV}']	[169.13354, -0.01, 'a{IT}-H2O']	[169.13354, -0.01, 'a{LT}-H2O']
170.06024	170.06007	179.2	1.2%	[170.06004, 0.21, 'b{W}-NH3']	[170.06004, 0.21, 'IW+CO-NH3']	[170.06004, 0.21, 'y{W}-H2O-NH3']	[170.06004, 0.21, 'b{FG}-H2O-NH3']
171.07663	171.07646	149.2	1.6%	[171.07642, 0.26, 'a{DT}-H2O']	[171.07642, 0.26, 'a{ES}-H2O']	[171.07642, 0.26, 'a{NT}-NH3']	[171.07642, 0.26, 'a{QS}-NH3']	[171.07642, 0.26, 'b{ST}-H2O']	[171.07642, 0.26, 'a{AGS}-NH3']	[171.07642, 0.26, 'a{GGT}-NH3']
171.11295	171.11278	562.7	4.6%	[171.1128, -0.09, 'b{AV}']	[171.1128, -0.09, 'b{GI}']	[171.1128, -0.09, 'b{GL}']	[171.1128, -0.09, 'a{PT}']	[171.1128, -0.09, 'y{AV}-H2O']	[171.1128, -0.09, 'y{GI}-H2O']	[171.1128, -0.09, 'y{GL}-H2O']	[171.1128, -0.09, 'a{KS}-NH3']
171.14932	171.14915	245.6	1.4%	[171.14919, -0.21, 'a{VV}']
172.07184	172.07167	89.6	0.7%	[172.07167, 0.02, 'b{GN}']	[172.07167, 0.02, 'b{GGG}']	[172.07167, 0.02, 'y{GN}-H2O']	[172.07167, 0.02, 'y{GGG}-H2O']
173.09228	173.09211	262.0	2.2%	[173.09207, 0.24, 'a{AE}']	[173.09207, 0.24, 'b{AT}']	[173.09207, 0.24, 'y{GP}']	[173.09207, 0.24, 'y{AT}-H2O']
173.12865	173.12847	1132.5	6.6%	[173.12845, 0.18, 'a{IS}']	[173.12845, 0.18, 'a{LS}']	[173.12845, 0.18, 'a{TV}']
175.07154	175.07136	84.2	0.8%	[175.07133, 0.22, 'a{DS}']	[175.07133, 0.22, 'b{SS}']	[175.07133, 0.22, 'y{SS}-H2O']
175.09015	175.08997	54.8	0.4%	[175.08996, 0.1, 'a{AM}']	[175.08996, 0.1, 'a{CV}']	[175.09067, -3.95, 'a{NS}+i']	[175.09067, -3.95, 'a{GGS}+i']
175.11915	175.11897	2651.5	23.8%	[175.11895, 0.16, 'y{R}']	[175.11895, 0.16, 'IR+CO+H2O']	[175.11895, 0.16, 'IK+CO+H2ON2']
176.02007	176.01989	444.5	4.5%	[176.0203, -2.29, 'C6H2N5O2']
176.10713	176.10695	37.1	0.3%	[176.10699, -0.19, 'b{IP}-H2O-NH3']	[176.10699, -0.19, 'b{LP}-H2O-NH3']
177.10239	177.10221	152.0	1.0%	[177.10224, -0.15, 'a{FG}']	[177.10224, -0.15, 'b{PP}-H2O']	[177.10224, -0.15, 'a{AAP}-H2O-NH3']
177.11229	177.11211	202.9	1.3%	[177.11214, -0.15, 'C8H17O4']
178.05343	178.05324	2101.1	20.2%	[178.05255, 3.95, 'C12H6N2']
181.09728	181.09709	104.5	1.1%	[181.09715, -0.29, 'IY+CO+NH3']	[181.09715, -0.29, 'a{EP}-H2O']	[181.09715, -0.29, 'a{PQ}-NH3']	[181.09715, -0.29, 'b{PT}-H2O']	[181.09715, -0.29, 'a{AGP}-NH3']	[181.09715, -0.29, 'a{DK}-H2O-NH3']	[181.09715, -0.29, 'b{KS}-H2O-NH3']	[181.09715, -0.29, 'a{AAT}-H2O-NH3']	[181.09715, -0.29, 'a{GSV}-H2O-NH3']
183.07669	183.0765	67.8	0.8%	[183.07642, 0.47, 'b{AE}-H2O']	[183.07642, 0.47, 'b{AQ}-NH3']	[183.07642, 0.47, 'b{AAG}-NH3']	[183.07642, 0.47, 'y{AQ}-H2O-NH3']	[183.07642, 0.47, 'a{ASS}-H2O-NH3']	[183.07642, 0.47, 'y{AAG}-H2O-NH3']	[183.07642, 0.47, 'a{GST}-H2O-NH3']
183.113	183.11281	301.9	3.0%	[183.1128, 0.08, 'b{AK}-NH3']	[183.1128, 0.08, 'a{DI}-H2O']	[183.1128, 0.08, 'a{DL}-H2O']	[183.1128, 0.08, 'a{EV}-H2O']	[183.1128, 0.08, 'a{IN}-NH3']	[183.1128, 0.08, 'b{IS}-H2O']	[183.1128, 0.08, 'a{LN}-NH3']	[183.1128, 0.08, 'b{LS}-H2O']	[183.1128, 0.08, 'a{QV}-NH3']	[183.1128, 0.08, 'b{TV}-H2O']	[183.1128, 0.08, 'a{AGV}-NH3']	[183.1128, 0.08, 'a{GGI}-NH3']	[183.1128, 0.08, 'a{GGL}-NH3']	[183.1128, 0.08, 'y{AK}-H2O-NH3']
183.1494	183.14921	469.0	4.2%	[183.14919, 0.14, 'a{IP}']	[183.14919, 0.14, 'a{LP}']	[183.14919, 0.14, 'a{KV}-NH3']
185.09225	185.09206	231.6	2.5%	[185.09207, -0.04, 'a{DP}']	[185.09207, -0.04, 'b{PS}']	[185.09207, -0.04, 'a{ET}-H2O']	[185.09207, -0.04, 'y{PS}-H2O']	[185.09207, -0.04, 'a{QT}-NH3']	[185.09207, -0.04, 'b{TT}-H2O']	[185.09207, -0.04, 'a{AAS}-NH3']	[185.09207, -0.04, 'a{AGT}-NH3']
185.12866	185.12847	349.0	2.8%	[185.12845, 0.12, 'b{AI}']	[185.12845, 0.12, 'b{AL}']	[185.12845, 0.12, 'y{AI}-H2O']	[185.12845, 0.12, 'y{AL}-H2O']	[185.12845, 0.12, 'a{KT}-NH3']	[185.12845, 0.12, 'a{GL[Acetyl]}']
185.16505	185.16486	835.1	5.5%	[185.16484, 0.12, 'a{IV}']	[185.16484, 0.12, 'a{LV}']
186.0875	186.0873	240.1	2.6%	[186.08732, -0.04, 'b{AN}']	[186.08732, -0.04, 'b{GQ}']	[186.08732, -0.04, 'b{AGG}']	[186.08732, -0.04, 'y{AN}-H2O']	[186.08732, -0.04, 'y{GQ}-H2O']	[186.08732, -0.04, 'y{AGG}-H2O']	[186.08732, -0.04, 'a{GSS}-H2O']
186.1239	186.1237	221.8	1.9%	[186.1237, 0.07, 'b{GK}']	[186.1237, 0.07, 'a{NV}']	[186.1237, 0.07, 'a{AAA}']	[186.1237, 0.07, 'a{GGV}']	[186.1237, 0.07, 'y{GK}-H2O']
187.0715	187.0713	169.9	1.8%	[187.07133, -0.1, 'b{AD}']	[187.07133, -0.1, 'b{EG}']	[187.07133, -0.1, 'y{AD}-H2O']	[187.07133, -0.1, 'y{AN}-NH3']	[187.07133, -0.1, 'y{EG}-H2O']	[187.07133, -0.1, 'y{GQ}-NH3']	[187.07133, -0.1, 'y{AGG}-NH3']	[187.07133, -0.1, 'a{GSS}-NH3']
187.08691	187.08671	83.3	1.0%	[187.08659, 0.7, 'b{W}']	[187.08659, 0.7, 'IW+CO']	[187.08659, 0.7, 'y{W}-H2O']	[187.08659, 0.7, 'b{FG}-H2O']
187.10788	187.10768	303.1	2.5%	[187.10772, -0.15, 'y{AP}']	[187.10772, -0.15, 'a{DV}']	[187.10772, -0.15, 'b{SV}']	[187.10772, -0.15, 'y{GK}-NH3']	[187.10772, -0.15, 'y{SV}-H2O']
187.14428	187.14408	470.1	3.5%	[187.1441, -0.05, 'a{IT}']	[187.1441, -0.05, 'a{LT}']
189.08712	189.08692	165.8	1.6%	[189.08698, -0.26, 'a{DT}']	[189.08698, -0.26, 'a{ES}']	[189.08698, -0.26, 'b{ST}']	[189.08698, -0.26, 'y{ST}-H2O']
191.08499	191.0848	44.2	0.4%	[191.08488, -0.42, 'a{MS}']	[191.08488, -0.42, 'a{AM[Oxidation]}']	[191.08558, -4.08, 'y{GN}+i']	[191.08558, -4.08, 'y{GGG}+i']
191.11803	191.11784	105.0	0.9%	[191.11789, -0.26, 'a{AF}']	[191.11789, -0.26, 'b{KP}-H2O-NH3']	[191.11789, -0.26, 'a{GPV}-H2O-NH3']
193.09737	193.09718	126.7	1.0%	[193.09715, 0.15, 'a{GY}']	[193.09715, 0.15, 'b{IN}-H2O-NH3']	[193.09715, 0.15, 'b{LN}-H2O-NH3']	[193.09715, 0.15, 'b{QV}-H2O-NH3']	[193.09715, 0.15, 'a{APS}-H2O-NH3']	[193.09715, 0.15, 'b{AGV}-H2O-NH3']	[193.09715, 0.15, 'a{GPT}-H2O-NH3']	[193.09715, 0.15, 'b{GGI}-H2O-NH3']	[193.09715, 0.15, 'b{GGL}-H2O-NH3']
194.03063	194.03044	59.6	0.8%	[194.03087, -2.22, 'C6H4N5O3']
195.08788	195.08769	48.0	0.6%	[195.08765, 0.21, 'b{GH}']	[195.08765, 0.21, 'y{GH}-H2O']
197.12868	197.12849	378.3	4.3%	[197.12845, 0.21, 'b{PV}']	[197.12845, 0.21, 'a{EI}-H2O']	[197.12845, 0.21, 'a{EL}-H2O']	[197.12845, 0.21, 'a{IQ}-NH3']	[197.12845, 0.21, 'b{IT}-H2O']	[197.12845, 0.21, 'a{LQ}-NH3']	[197.12845, 0.21, 'b{LT}-H2O']	[197.12845, 0.21, 'y{PV}-H2O']	[197.12845, 0.21, 'a{AAV}-NH3']	[197.12845, 0.21, 'a{AGI}-NH3']	[197.12845, 0.21, 'a{AGL}-NH3']	[197.12845, 0.21, 'a{L[Acetyl]S}-H2O']
198.0875	198.08731	43.4	0.6%	[198.08732, -0.04, 'a{DQ}-H2O']	[198.08732, -0.04, 'a{EN}-H2O']	[198.08732, -0.04, 'a{NQ}-NH3']	[198.08732, -0.04, 'b{NT}-H2O']	[198.08732, -0.04, 'b{QS}-H2O']	[198.08732, -0.04, 'a{ADG}-H2O']	[198.08732, -0.04, 'a{AGN}-NH3']	[198.08732, -0.04, 'b{AGS}-H2O']	[198.08732, -0.04, 'a{EGG}-H2O']	[198.08732, -0.04, 'a{GGQ}-NH3']	[198.08732, -0.04, 'b{GGT}-H2O']
199.07153	199.07135	72.7	1.1%	[199.07133, 0.06, 'a{DE}-H2O']	[199.07133, 0.06, 'a{DQ}-NH3']	[199.07133, 0.06, 'b{DT}-H2O']	[199.07133, 0.06, 'a{EN}-NH3']	[199.07133, 0.06, 'b{ES}-H2O']	[199.07133, 0.06, 'b{NT}-NH3']	[199.07133, 0.06, 'b{QS}-NH3']	[199.07133, 0.06, 'a{ADG}-NH3']	[199.07133, 0.06, 'b{AGS}-NH3']	[199.07133, 0.06, 'a{EGG}-NH3']	[199.07133, 0.06, 'b{GGT}-NH3']	[199.07133, 0.06, 'y{NT}-H2O-NH3']	[199.07133, 0.06, 'y{QS}-H2O-NH3']	[199.07133, 0.06, 'y{AGS}-H2O-NH3']	[199.07133, 0.06, 'y{GGT}-H2O-NH3']	[199.07133, 0.06, 'a{SSS}-H2O-NH3']
199.10794	199.10776	138.5	1.7%	[199.10772, 0.16, 'a{EP}']	[199.10772, 0.16, 'b{PT}']	[199.10772, 0.16, 'a{DK}-NH3']	[199.10772, 0.16, 'b{KS}-NH3']	[199.10772, 0.16, 'y{PT}-H2O']	[199.10772, 0.16, 'a{AAT}-NH3']	[199.10772, 0.16, 'a{GSV}-NH3']	[199.10772, 0.16, 'y{KS}-H2O-NH3']
199.1443	199.14412	193.6	1.4%	[199.1441, 0.06, 'b{VV}']	[199.1441, 0.06, 'y{VV}-H2O']	[199.1441, 0.06, 'a{AL[Acetyl]}']
199.18068	199.1805	588.3	4.1%	[199.18049, 0.01, 'a{II}']	[199.18049, 0.01, 'a{IL}']	[199.18049, 0.01, 'a{LL}']
200.10316	200.10298	103.3	1.1%	[200.10297, 0.01, 'b{AQ}']	[200.10297, 0.01, 'b{AAG}']	[200.10297, 0.01, 'y{AQ}-H2O']	[200.10297, 0.01, 'a{ASS}-H2O']	[200.10297, 0.01, 'y{AAG}-H2O']	[200.10297, 0.01, 'a{GST}-H2O']
200.13951	200.13933	324.5	2.7%	[200.13935, -0.14, 'b{AK}']	[200.13935, -0.14, 'a{IN}']	[200.13935, -0.14, 'a{LN}']	[200.13935, -0.14, 'a{QV}']	[200.13935, -0.14, 'a{AGV}']	[200.13935, -0.14, 'a{GGI}']	[200.13935, -0.14, 'a{GGL}']	[200.13935, -0.14, 'y{AK}-H2O']
201.08719	201.08701	159.6	1.9%	[201.08698, 0.12, 'b{AE}']	[201.08698, 0.12, 'y{AE}-H2O']	[201.08698, 0.12, 'y{AQ}-NH3']	[201.08698, 0.12, 'a{ASS}-NH3']	[201.08698, 0.12, 'y{AAG}-NH3']	[201.08698, 0.12, 'a{GST}-NH3']
201.12354	201.12336	980.3	9.0%	[201.12337, -0.08, 'a{DI}']	[201.12337, -0.08, 'a{DL}']	[201.12337, -0.08, 'a{EV}']	[201.12337, -0.08, 'b{IS}']	[201.12337, -0.08, 'b{LS}']	[201.12337, -0.08, 'b{TV}']	[201.12337, -0.08, 'y{AK}-NH3']	[201.12337, -0.08, 'y{IS}-H2O']	[201.12337, -0.08, 'y{LS}-H2O']	[201.12337, -0.08, 'y{TV}-H2O']
202.08238	202.0822	82.3	0.9%	[202.08223, -0.18, 'a{DN}']	[202.08223, -0.18, 'b{NS}']	[202.08223, -0.18, 'a{DGG}']	[202.08223, -0.18, 'b{GGS}']	[202.08223, -0.18, 'y{NS}-H2O']	[202.08223, -0.18, 'y{GGS}-H2O']
203.0665	203.06632	54.1	0.7%	[203.06625, 0.32, 'a{DD}']	[203.06625, 0.32, 'b{DS}']	[203.06625, 0.32, 'y{DS}-H2O']	[203.06625, 0.32, 'y{NS}-NH3']	[203.06625, 0.32, 'y{GGS}-NH3']
203.10278	203.1026	76.8	0.9%	[203.10263, -0.17, 'a{ET}']	[203.10263, -0.17, 'y{PS}']	[203.10263, -0.17, 'b{TT}']	[203.10263, -0.17, 'y{TT}-H2O']
203.12137	203.12119	65.8	0.5%	[203.12126, -0.37, 'a{MV}']	[203.12197, -3.86, 'a{QT}+i']	[203.12197, -3.86, 'a{AAS}+i']	[203.12197, -3.86, 'a{AGT}+i']
204.13451	204.13433	175.1	1.8%	[204.13427, 0.28, 'y{GK}']
205.09736	205.09719	80.7	0.9%	[205.09715, 0.14, 'y{W}']	[205.09715, 0.14, 'b{FG}']	[205.09715, 0.14, 'y{FG}-H2O']	[205.09715, 0.14, 'a{SY}-H2O']	[205.09715, 0.14, 'b{AAP}-H2O-NH3']
207.11298	207.11281	244.0	2.0%	[207.1128, 0.0, 'a{AY}']	[207.1128, 0.0, 'a{FS}']	[207.1128, 0.0, 'a{GPP}-NH3']	[207.1128, 0.0, 'b{IQ}-H2O-NH3']	[207.1128, 0.0, 'b{LQ}-H2O-NH3']	[207.1128, 0.0, 'a{APT}-H2O-NH3']	[207.1128, 0.0, 'b{AAV}-H2O-NH3']	[207.1128, 0.0, 'b{AGI}-H2O-NH3']	[207.1128, 0.0, 'b{AGL}-H2O-NH3']	[207.1128, 0.0, 'a{L[Acetyl]N}-H2O-NH3']	[207.1128, 0.0, 'a{GGL[Acetyl]}-H2O-NH3']
210.0255	210.02534	550.9	8.9%	[210.02578, -2.17, 'C6H4N5O4']
211.10787	211.10771	51.1	0.8%	[211.10772, -0.11, 'b{DI}-H2O']	[211.10772, -0.11, 'b{DL}-H2O']	[211.10772, -0.11, 'b{EV}-H2O']	[211.10772, -0.11, 'b{IN}-NH3']	[211.10772, -0.11, 'b{LN}-NH3']	[211.10772, -0.11, 'b{QV}-NH3']	[211.10772, -0.11, 'a{APS}-NH3']	[211.10772, -0.11, 'b{AGV}-NH3']	[211.10772, -0.11, 'a{GPT}-NH3']	[211.10772, -0.11, 'b{GGI}-NH3']	[211.10772, -0.11, 'b{GGL}-NH3']	[211.10772, -0.11, 'y{IN}-H2O-NH3']	[211.10772, -0.11, 'y{LN}-H2O-NH3']	[211.10772, -0.11, 'y{QV}-H2O-NH3']	[211.10772, -0.11, 'a{ATT}-H2O-NH3']	[211.10772, -0.11, 'y{AGV}-H2O-NH3']	[211.10772, -0.11, 'y{GGI}-H2O-NH3']	[211.10772, -0.11, 'y{GGL}-H2O-NH3']	[211.10772, -0.11, 'a{SSV}-H2O-NH3']
211.14427	211.14411	278.6	3.4%	[211.1441, -0.02, 'b{IP}']	[211.1441, -0.02, 'b{LP}']	[211.1441, -0.02, 'y{IP}-H2O']	[211.1441, -0.02, 'b{KV}-NH3']	[211.1441, -0.02, 'y{LP}-H2O']	[211.1441, -0.02, 'a{AAI}-NH3']	[211.1441, -0.02, 'a{AAL}-NH3']	[211.1441, -0.02, 'a{GVV}-NH3']	[211.1441, -0.02, 'y{KV}-H2O-NH3']	[211.1441, -0.02, 'a{L[Acetyl]T}-H2O']
212.04114	212.04098	180.7	2.3%	[212.04143, -2.18, 'C6H6N5O4']
212.10317	212.10301	194.1	2.5%	[212.10297, 0.13, 'b{NP}']	[212.10297, 0.13, 'b{GGP}']	[212.10297, 0.13, 'a{EQ}-H2O']	[212.10297, 0.13, 'y{NP}-H2O']	[212.10297, 0.13, 'a{QQ}-NH3']	[212.10297, 0.13, 'b{QT}-H2O']	[212.10297, 0.13, 'a{AAD}-H2O']	[212.10297, 0.13, 'a{AAN}-NH3']	[212.10297, 0.13, 'a{AEG}-H2O']	[212.10297, 0.13, 'a{AGQ}-NH3']	[212.10297, 0.13, 'b{AAS}-H2O']	[212.10297, 0.13, 'b{AGT}-H2O']	[212.10297, 0.13, 'y{GGP}-H2O']
213.08711	213.08695	119.0	1.6%	[213.08698, -0.19, 'b{DP}']	[213.08698, -0.19, 'y{DP}-H2O']	[213.08698, -0.19, 'a{EE}-H2O']	[213.08698, -0.19, 'a{EQ}-NH3']	[213.08698, -0.19, 'b{ET}-H2O']	[213.08698, -0.19, 'y{NP}-NH3']	[213.08698, -0.19, 'b{QT}-NH3']	[213.08698, -0.19, 'a{AAD}-NH3']	[213.08698, -0.19, 'a{AEG}-NH3']	[213.08698, -0.19, 'b{AAS}-NH3']	[213.08698, -0.19, 'b{AGT}-NH3']	[213.08698, -0.19, 'y{GGP}-NH3']	[213.08698, -0.19, 'y{QT}-H2O-NH3']	[213.08698, -0.19, 'y{AAS}-H2O-NH3']	[213.08698, -0.19, 'y{AGT}-H2O-NH3']	[213.08698, -0.19, 'a{SST}-H2O-NH3']
213.1599	213.15974	268.0	3.0%	[213.15975, -0.1, 'b{IV}']	[213.15975, -0.1, 'b{LV}']	[213.15975, -0.1, 'y{IV}-H2O']	[213.15975, -0.1, 'y{LV}-H2O']
214.11873	214.11857	125.9	1.4%	[214.11862, -0.27, 'b{NV}']	[214.11862, -0.27, 'b{AAA}']	[214.11862, -0.27, 'a{GPS}']	[214.11862, -0.27, 'b{GGV}']	[214.11862, -0.27, 'y{NV}-H2O']	[214.11862, -0.27, 'a{AST}-H2O']	[214.11862, -0.27, 'y{AAA}-H2O']	[214.11862, -0.27, 'a{GTT}-H2O']	[214.11862, -0.27, 'y{GGV}-H2O']
214.15508	214.15492	78.6	0.8%	[214.155, -0.41, 'a{IQ}']	[214.155, -0.41, 'a{LQ}']	[214.155, -0.41, 'a{AAV}']	[214.155, -0.41, 'a{AGI}']	[214.155, -0.41, 'a{AGL}']
215.10283	215.10268	75.0	1.0%	[215.10263, 0.15, 'b{DV}']	[215.10263, 0.15, 'y{DV}-H2O']	[215.10263, 0.15, 'y{NV}-NH3']	[215.10263, 0.15, 'a{AST}-NH3']	[215.10263, 0.15, 'y{AAA}-NH3']	[215.10263, 0.15, 'a{GTT}-NH3']	[215.10263, 0.15, 'y{GGV}-NH3']
215.1392	215.13905	513.8	5.4%	[215.13902, 0.06, 'a{EI}']	[215.13902, 0.06, 'a{EL}']	[215.13902, 0.06, 'b{IT}']	[215.13902, 0.06, 'b{LT}']	[215.13902, 0.06, 'y{PV}']	[215.13902, 0.06, 'y{IT}-H2O']	[215.13902, 0.06, 'y{LT}-H2O']	[215.13902, 0.06, 'a{L[Acetyl]S}']
216.09803	216.09788	191.3	2.2%	[216.09788, -0.07, 'a{DQ}']	[216.09788, -0.07, 'a{EN}']	[216.09788, -0.07, 'b{NT}']	[216.09788, -0.07, 'b{QS}']	[216.09788, -0.07, 'a{ADG}']	[216.09788, -0.07, 'b{AGS}']	[216.09788, -0.07, 'a{EGG}']	[216.09788, -0.07, 'b{GGT}']	[216.09788, -0.07, 'y{NT}-H2O']	[216.09788, -0.07, 'y{QS}-H2O']	[216.09788, -0.07, 'y{AGS}-H2O']	[216.09788, -0.07, 'y{GGT}-H2O']	[216.09788, -0.07, 'a{SSS}-H2O']
217.08201	217.08186	136.2	1.7%	[217.0819, -0.25, 'a{DE}']	[217.0819, -0.25, 'b{DT}']	[217.0819, -0.25, 'b{ES}']	[217.0819, -0.25, 'y{DT}-H2O']	[217.0819, -0.25, 'y{ES}-H2O']	[217.0819, -0.25, 'y{NT}-NH3']	[217.0819, -0.25, 'y{QS}-NH3']	[217.0819, -0.25, 'y{AGS}-NH3']	[217.0819, -0.25, 'y{GGT}-NH3']	[217.0819, -0.25, 'a{SSS}-NH3']	[217.08277, -4.25, 'a{MM}-H2O']
217.13379	217.13364	62.6	0.7%	[217.13354, 0.4, 'a{FP}']	[217.13354, 0.4, 'a{VY}-H2O']
217.13702	217.13687	107.3	1.0%	[217.13691, -0.25, 'a{IM}']	[217.13691, -0.25, 'a{LM}']	[217.13762, -3.52, 'a{DK}+i']	[217.13762, -3.52, 'b{KS}+i']	[217.13762, -3.52, 'a{AAT}+i']	[217.13762, -3.52, 'a{GSV}+i']	[217.13762, -3.52, 'y{KS}-H2O+i']
218.0596	218.05945	29.9	0.4%	[218.05939, 0.22, 'b{CN}']	[218.05939, 0.22, 'b{CGG}']	[218.05939, 0.22, 'y{CN}-H2O']	[218.05939, 0.22, 'y{CGG}-H2O']	[218.05939, 0.22, 'b{C[Carbamidomethyl]G}']	[218.05939, 0.22, 'y{C[Carbamidomethyl]G}-H2O']
218.15012	218.14997	153.3	1.6%	[218.14992, 0.18, 'y{AK}']
219.11296	219.11281	68.7	0.7%	[219.1128, 0.0, 'b{AF}']	[219.1128, 0.0, 'y{AF}-H2O']	[219.1128, 0.0, 'a{TY}-H2O']	[219.1128, 0.0, 'b{GPV}-H2O-NH3']	[219.1128, 0.0, 'a{PPS}-H2O-NH3']
219.14936	219.14921	115.3	1.2%	[219.14919, 0.05, 'a{FV}']	[219.14919, 0.05, 'a{AIP}-H2O-NH3']	[219.14919, 0.05, 'a{ALP}-H2O-NH3']
221.12859	221.12845	129.8	1.0%	[221.12845, -0.07, 'a{FT}']	[221.12845, -0.07, 'a{APP}-NH3']	[221.12845, -0.07, 'b{AAI}-H2O-NH3']	[221.12845, -0.07, 'b{AAL}-H2O-NH3']	[221.12845, -0.07, 'b{GVV}-H2O-NH3']	[221.12845, -0.07, 'a{PSV}-H2O-NH3']	[221.12845, -0.07, 'a{L[Acetyl]Q}-H2O-NH3']	[221.12845, -0.07, 'a{AGL[Acetyl]}-H2O-NH3']
223.10786	223.10772	114.3	0.9%	[223.10772, -0.06, 'y{FG}']	[223.10772, -0.06, 'a{SY}']	[223.10772, -0.06, 'b{AAP}-NH3']	[223.10772, -0.06, 'b{EK}-H2O-NH3']	[223.10772, -0.06, 'a{ADV}-H2O-NH3']	[223.10772, -0.06, 'b{ASV}-H2O-NH3']	[223.10772, -0.06, 'y{AAP}-H2O-NH3']	[223.10772, -0.06, 'a{DGI}-H2O-NH3']	[223.10772, -0.06, 'a{DGL}-H2O-NH3']	[223.10772, -0.06, 'a{EGV}-H2O-NH3']	[223.10772, -0.06, 'b{GIS}-H2O-NH3']	[223.10772, -0.06, 'b{GLS}-H2O-NH3']	[223.10772, -0.06, 'b{GTV}-H2O-NH3']	[223.10772, -0.06, 'a{PST}-H2O-NH3']
225.09838	225.09824	52.0	0.8%	[225.09822, 0.05, 'a{DH}']	[225.09822, 0.05, 'b{HS}']	[225.09822, 0.05, 'y{HS}-H2O']	[225.09822, 0.05, 'b{NQ}-H2O']	[225.09822, 0.05, 'b{AGN}-H2O']	[225.09822, 0.05, 'b{GGQ}-H2O']
226.11873	226.11859	160.7	2.4%	[226.11862, -0.16, 'b{PQ}']	[226.11862, -0.16, 'b{AGP}']	[226.11862, -0.16, 'b{DK}-H2O']	[226.11862, -0.16, 'b{KN}-NH3']	[226.11862, -0.16, 'y{PQ}-H2O']	[226.11862, -0.16, 'a{AAE}-H2O']	[226.11862, -0.16, 'a{AAQ}-NH3']	[226.11862, -0.16, 'b{AAT}-H2O']	[226.11862, -0.16, 'y{AGP}-H2O']	[226.11862, -0.16, 'a{DGV}-H2O']	[226.11862, -0.16, 'a{GNV}-NH3']	[226.11862, -0.16, 'b{GGK}-NH3']	[226.11862, -0.16, 'b{GSV}-H2O']	[226.11862, -0.16, 'a{PSS}-H2O']	[226.11862, -0.16, 'y{KN}-H2O-NH3']	[226.11862, -0.16, 'y{GGK}-H2O-NH3']
227.10277	227.10263	122.8	1.7%	[227.10263, -0.02, 'b{EP}']	[227.10263, -0.02, 'b{DK}-NH3']	[227.10263, -0.02, 'y{EP}-H2O']	[227.10263, -0.02, 'y{PQ}-NH3']	[227.10263, -0.02, 'a{AAE}-NH3']	[227.10263, -0.02, 'b{AAT}-NH3']	[227.10263, -0.02, 'y{AGP}-NH3']	[227.10263, -0.02, 'a{DGV}-NH3']	[227.10263, -0.02, 'b{GSV}-NH3']	[227.10263, -0.02, 'a{PSS}-NH3']	[227.10263, -0.02, 'y{DK}-H2O-NH3']	[227.10263, -0.02, 'y{AAT}-H2O-NH3']	[227.10263, -0.02, 'y{GSV}-H2O-NH3']	[227.10263, -0.02, 'a{STT}-H2O-NH3']
227.17552	227.17538	176.0	2.1%	[227.1754, -0.11, 'b{II}']	[227.1754, -0.11, 'b{IL}']	[227.1754, -0.11, 'b{LL}']	[227.1754, -0.11, 'y{II}-H2O']	[227.1754, -0.11, 'y{IL}-H2O']	[227.1754, -0.11, 'y{LL}-H2O']	[227.1754, -0.11, 'a{L[Acetyl]V}']
228.13441	228.13427	278.7	3.5%	[228.13427, -0.01, 'b{IN}']	[228.13427, -0.01, 'b{LN}']	[228.13427, -0.01, 'b{QV}']	[228.13427, -0.01, 'a{APS}']	[228.13427, -0.01, 'b{AGV}']	[228.13427, -0.01, 'a{GPT}']	[228.13427, -0.01, 'b{GGI}']	[228.13427, -0.01, 'b{GGL}']	[228.13427, -0.01, 'y{IN}-H2O']	[228.13427, -0.01, 'y{LN}-H2O']	[228.13427, -0.01, 'y{QV}-H2O']	[228.13427, -0.01, 'a{ATT}-H2O']	[228.13427, -0.01, 'y{AGV}-H2O']	[228.13427, -0.01, 'a{GKS}-NH3']	[228.13427, -0.01, 'y{GGI}-H2O']	[228.13427, -0.01, 'y{GGL}-H2O']	[228.13427, -0.01, 'a{SSV}-H2O']
229.11845	229.11831	230.9	3.4%	[229.11828, 0.13, 'b{DI}']	[229.11828, 0.13, 'b{DL}']	[229.11828, 0.13, 'b{EV}']	[229.11828, 0.13, 'y{DI}-H2O']	[229.11828, 0.13, 'y{DL}-H2O']	[229.11828, 0.13, 'y{EV}-H2O']	[229.11828, 0.13, 'y{IN}-NH3']	[229.11828, 0.13, 'y{LN}-NH3']	[229.11828, 0.13, 'y{QV}-NH3']	[229.11828, 0.13, 'a{ATT}-NH3']	[229.11828, 0.13, 'y{AGV}-NH3']	[229.11828, 0.13, 'y{GGI}-NH3']	[229.11828, 0.13, 'y{GGL}-NH3']	[229.11828, 0.13, 'a{SSV}-NH3']
230.07734	230.0772	57.4	0.7%	[230.07715, 0.22, 'b{DN}']	[230.07715, 0.22, 'b{DGG}']	[230.07715, 0.22, 'y{DN}-H2O']	[230.07715, 0.22, 'y{NN}-NH3']	[230.07715, 0.22, 'y{DGG}-H2O']	[230.07715, 0.22, 'y{GGN}-NH3']
230.11367	230.11353	91.2	1.2%	[230.11353, 0.0, 'a{EQ}']	[230.11353, 0.0, 'y{NP}']	[230.11353, 0.0, 'b{QT}']	[230.11353, 0.0, 'a{AAD}']	[230.11353, 0.0, 'a{AEG}']	[230.11353, 0.0, 'b{AAS}']	[230.11353, 0.0, 'b{AGT}']	[230.11353, 0.0, 'y{GGP}']	[230.11353, 0.0, 'y{QT}-H2O']	[230.11353, 0.0, 'y{AAS}-H2O']	[230.11353, 0.0, 'y{AGT}-H2O']	[230.11353, 0.0, 'a{SST}-H2O']
231.09765	231.09751	60.1	1.0%	[231.09755, -0.16, 'y{DP}']	[231.09755, -0.16, 'a{EE}']	[231.09755, -0.16, 'b{ET}']	[231.09755, -0.16, 'y{ET}-H2O']	[231.09755, -0.16, 'y{QT}-NH3']	[231.09755, -0.16, 'y{AAS}-NH3']	[231.09755, -0.16, 'y{AGT}-NH3']	[231.09755, -0.16, 'a{SST}-NH3']
231.11304	231.1129	53.9	0.6%	[231.1128, 0.44, 'a{EF}-H2O']	[231.1128, 0.44, 'a{FQ}-NH3']	[231.1128, 0.44, 'b{FT}-H2O']	[231.1128, 0.44, 'a{AFG}-NH3']	[231.1128, 0.44, 'b{APP}-H2O-NH3']
232.14058	232.14044	78.1	1.0%	[232.14042, 0.1, 'y{GR}']
233.12856	233.12842	60.4	0.9%	[233.12845, -0.11, 'a{PY}']	[233.12845, -0.11, 'b{APV}-H2O-NH3']	[233.12845, -0.11, 'b{GIP}-H2O-NH3']	[233.12845, -0.11, 'b{GLP}-H2O-NH3']	[233.12845, -0.11, 'a{PPT}-H2O-NH3']
233.16498	233.16484	188.7	1.7%	[233.16484, 0.02, 'a{FI}']	[233.16484, 0.02, 'a{FL}']	[233.16484, 0.02, 'a{PVV}-H2O-NH3']
234.02307	234.02293	37.8	0.5%	[234.0231, -0.7, 'C4N11O2']
234.14496	234.14482	88.3	1.4%	[234.14483, -0.01, 'y{KS}']
235.1079	235.10777	131.2	1.7%	[235.10772, 0.21, 'b{AY}']	[235.10772, 0.21, 'a{DF}']	[235.10772, 0.21, 'b{FS}']	[235.10772, 0.21, 'y{AY}-H2O']	[235.10772, 0.21, 'y{FS}-H2O']	[235.10772, 0.21, 'b{GPP}-NH3']	[235.10772, 0.21, 'a{AEP}-H2O-NH3']	[235.10772, 0.21, 'b{APT}-H2O-NH3']	[235.10772, 0.21, 'y{GPP}-H2O-NH3']	[235.10772, 0.21, 'b{L[Acetyl]N}-H2O-NH3']	[235.10772, 0.21, 'b{GGL[Acetyl]}-H2O-NH3']
237.1235	237.12337	77.6	0.8%	[237.12337, 0.01, 'y{AF}']	[237.12337, 0.01, 'a{TY}']	[237.12337, 0.01, 'b{GPV}-NH3']	[237.12337, 0.01, 'a{PPS}-NH3']	[237.12337, 0.01, 'a{ADI}-H2O-NH3']	[237.12337, 0.01, 'a{ADL}-H2O-NH3']	[237.12337, 0.01, 'a{AEV}-H2O-NH3']	[237.12337, 0.01, 'b{AIS}-H2O-NH3']	[237.12337, 0.01, 'b{ALS}-H2O-NH3']	[237.12337, 0.01, 'b{ATV}-H2O-NH3']	[237.12337, 0.01, 'a{EGI}-H2O-NH3']	[237.12337, 0.01, 'a{EGL}-H2O-NH3']	[237.12337, 0.01, 'b{GIT}-H2O-NH3']	[237.12337, 0.01, 'b{GLT}-H2O-NH3']	[237.12337, 0.01, 'y{GPV}-H2O-NH3']	[237.12337, 0.01, 'a{PTT}-H2O-NH3']	[237.12337, 0.01, 'a{GL[Acetyl]S}-H2O-NH3']
237.13473	237.1346	41.5	0.5%	[237.1346, 0.01, 'b{HV}']	[237.1346, 0.01, 'y{HV}-H2O']	[237.1346, 0.01, 'b{PR}-NH3']	[237.1346, 0.01, 'a{ANP}-H2O']	[237.1346, 0.01, 'a{GPQ}-H2O']	[237.1346, 0.01, 'y{PR}-H2O-NH3']	[237.1346, 0.01, 'a{GKN}-H2O-NH3']
240.13434	240.13421	129.5	2.2%	[240.13427, -0.22, 'b{AAP}']	[240.13427, -0.22, 'b{EK}-H2O']	[240.13427, -0.22, 'b{KQ}-NH3']	[240.13427, -0.22, 'a{ADV}-H2O']	[240.13427, -0.22, 'a{ANV}-NH3']	[240.13427, -0.22, 'b{AGK}-NH3']	[240.13427, -0.22, 'b{ASV}-H2O']	[240.13427, -0.22, 'y{AAP}-H2O']	[240.13427, -0.22, 'a{DGI}-H2O']	[240.13427, -0.22, 'a{DGL}-H2O']	[240.13427, -0.22, 'a{EGV}-H2O']	[240.13427, -0.22, 'a{GIN}-NH3']	[240.13427, -0.22, 'a{GLN}-NH3']	[240.13427, -0.22, 'a{GQV}-NH3']	[240.13427, -0.22, 'b{GIS}-H2O']	[240.13427, -0.22, 'b{GLS}-H2O']	[240.13427, -0.22, 'b{GTV}-H2O']	[240.13427, -0.22, 'a{PST}-H2O']	[240.13427, -0.22, 'y{KQ}-H2O-NH3']	[240.13427, -0.22, 'y{AGK}-H2O-NH3']	[240.13427, -0.22, 'a{KSS}-H2O-NH3']
241.08208	241.08195	68.1	0.9%	[241.0819, 0.24, 'b{EE}-H2O']	[241.0819, 0.24, 'b{EQ}-NH3']	[241.0819, 0.24, 'b{AAD}-NH3']	[241.0819, 0.24, 'b{AEG}-NH3']	[241.0819, 0.24, 'y{EQ}-H2O-NH3']	[241.0819, 0.24, 'y{AAD}-H2O-NH3']	[241.0819, 0.24, 'y{AEG}-H2O-NH3']	[241.0819, 0.24, 'a{DST}-H2O-NH3']	[241.0819, 0.24, 'a{ESS}-H2O-NH3']	[241.0819, 0.24, 'b{SST}-H2O-NH3']
242.15002	242.14989	184.8	2.8%	[242.14992, -0.09, 'b{IQ}']	[242.14992, -0.09, 'b{LQ}']	[242.14992, -0.09, 'a{APT}']	[242.14992, -0.09, 'b{AAV}']	[242.14992, -0.09, 'b{AGI}']	[242.14992, -0.09, 'b{AGL}']	[242.14992, -0.09, 'y{IQ}-H2O']	[242.14992, -0.09, 'y{LQ}-H2O']	[242.14992, -0.09, 'a{AKS}-NH3']	[242.14992, -0.09, 'y{AAV}-H2O']	[242.14992, -0.09, 'y{AGI}-H2O']	[242.14992, -0.09, 'y{AGL}-H2O']	[242.14992, -0.09, 'a{GKT}-NH3']	[242.14992, -0.09, 'a{ISS}-H2O']	[242.14992, -0.09, 'a{LSS}-H2O']	[242.14992, -0.09, 'a{STV}-H2O']	[242.14992, -0.09, 'a{L[Acetyl]N}']	[242.14992, -0.09, 'a{GGL[Acetyl]}']
243.13407	243.13394	159.1	2.5%	[243.13393, 0.08, 'b{EI}']	[243.13393, 0.08, 'b{EL}']	[243.13393, 0.08, 'y{EI}-H2O']	[243.13393, 0.08, 'y{EL}-H2O']	[243.13393, 0.08, 'y{IQ}-NH3']	[243.13393, 0.08, 'y{LQ}-NH3']	[243.13393, 0.08, 'y{AAV}-NH3']	[243.13393, 0.08, 'y{AGI}-NH3']	[243.13393, 0.08, 'y{AGL}-NH3']	[243.13393, 0.08, 'a{ISS}-NH3']	[243.13393, 0.08, 'a{LSS}-NH3']	[243.13393, 0.08, 'a{STV}-NH3']	[243.13393, 0.08, 'a{DL[Acetyl]}']	[243.13393, 0.08, 'b{L[Acetyl]S}']	[243.13393, 0.08, 'y{L[Acetyl]S}-H2O']
244.0929	244.09277	112.3	1.7%	[244.0928, -0.07, 'b{DQ}']	[244.0928, -0.07, 'b{EN}']	[244.0928, -0.07, 'b{ADG}']	[244.0928, -0.07, 'b{EGG}']	[244.0928, -0.07, 'y{DQ}-H2O']	[244.0928, -0.07, 'y{EN}-H2O']	[244.0928, -0.07, 'y{NQ}-NH3']	[244.0928, -0.07, 'y{ADG}-H2O']	[244.0928, -0.07, 'y{AGN}-NH3']	[244.0928, -0.07, 'a{DSS}-H2O']	[244.0928, -0.07, 'y{EGG}-H2O']	[244.0928, -0.07, 'y{GGQ}-NH3']	[244.0928, -0.07, 'a{NSS}-NH3']	[244.0928, -0.07, 'b{SSS}-H2O']
244.12935	244.12922	45.7	0.8%	[244.12918, 0.21, 'b{DK}']	[244.12918, 0.21, 'y{PQ}']	[244.12918, 0.21, 'a{AAE}']	[244.12918, 0.21, 'b{AAT}']	[244.12918, 0.21, 'y{AGP}']	[244.12918, 0.21, 'a{DGV}']	[244.12918, 0.21, 'b{GSV}']	[244.12918, 0.21, 'a{PSS}']	[244.12918, 0.21, 'y{DK}-H2O']	[244.12918, 0.21, 'y{KN}-NH3']	[244.12918, 0.21, 'y{AAT}-H2O']	[244.12918, 0.21, 'y{GGK}-NH3']	[244.12918, 0.21, 'y{GSV}-H2O']	[244.12918, 0.21, 'a{STT}-H2O']
244.1657	244.16557	271.8	2.6%	[244.16557, 0.05, 'y{KP}']	[244.16557, 0.05, 'a{AIS}']	[244.16557, 0.05, 'a{ALS}']	[244.16557, 0.05, 'a{ATV}']	[244.16557, 0.05, 'a{GIT}']	[244.16557, 0.05, 'a{GLT}']
245.12864	245.12851	44.6	0.7%	[245.12845, 0.3, 'b{FP}']	[245.12845, 0.3, 'y{FP}-H2O']	[245.12845, 0.3, 'b{VY}-H2O']	[245.12845, 0.3, 'a{AAF}-NH3']
246.15616	246.15603	151.1	1.8%	[246.15607, -0.1, 'y{AR}']
246.18133	246.1812	96.3	1.4%	[246.18122, -0.02, 'y{KV}']
247.14418	247.14405	37.9	0.6%	[247.1441, -0.14, 'b{FV}']	[247.1441, -0.14, 'y{FV}-H2O']	[247.1441, -0.14, 'a{KY}-NH3']	[247.1441, -0.14, 'a{PPP}-NH3']	[247.1441, -0.14, 'b{AIP}-H2O-NH3']	[247.1441, -0.14, 'b{ALP}-H2O-NH3']	[247.1441, -0.14, 'a{GL[Acetyl]P}-H2O-NH3']
248.16062	248.16049	76.8	1.1%	[248.16048, 0.11, 'y{KT}']
249.12348	249.12335	93.3	1.3%	[249.12337, -0.01, 'a{EF}']	[249.12337, -0.01, 'b{FT}']	[249.12337, -0.01, 'y{FT}-H2O']	[249.12337, -0.01, 'b{APP}-NH3']	[249.12337, -0.01, 'y{APP}-H2O-NH3']	[249.12337, -0.01, 'a{DPV}-H2O-NH3']	[249.12337, -0.01, 'b{PSV}-H2O-NH3']	[249.12337, -0.01, 'b{L[Acetyl]Q}-H2O-NH3']	[249.12337, -0.01, 'b{AGL[Acetyl]}-H2O-NH3']
249.15986	249.15973	133.2	1.6%	[249.15975, -0.01, 'a{IY}']	[249.15975, -0.01, 'a{LY}']	[249.15975, -0.01, 'a{PPV}-NH3']	[249.15975, -0.01, 'b{AIV}-H2O-NH3']	[249.15975, -0.01, 'b{ALV}-H2O-NH3']	[249.15975, -0.01, 'b{GII}-H2O-NH3']	[249.15975, -0.01, 'b{GIL}-H2O-NH3']	[249.15975, -0.01, 'b{GLL}-H2O-NH3']	[249.15975, -0.01, 'a{IPT}-H2O-NH3']	[249.15975, -0.01, 'a{LPT}-H2O-NH3']	[249.15975, -0.01, 'b{KL[Acetyl]}-H2O-NH3']	[249.15975, -0.01, 'a{GL[Acetyl]V}-H2O-NH3']
250.1187	250.11858	35.2	0.4%	[250.11862, -0.12, 'a{NY}']	[250.11862, -0.12, 'a{GGY}']	[250.11862, -0.12, 'b{ANV}-H2O-NH3']	[250.11862, -0.12, 'b{GIN}-H2O-NH3']	[250.11862, -0.12, 'b{GLN}-H2O-NH3']	[250.11862, -0.12, 'b{GQV}-H2O-NH3']	[250.11862, -0.12, 'a{NPT}-H2O-NH3']	[250.11862, -0.12, 'a{PQS}-H2O-NH3']
251.10275	251.10263	77.9	1.1%	[251.10263, 0.04, 'a{DY}']	[251.10263, 0.04, 'b{SY}']	[251.10263, 0.04, 'y{SY}-H2O']	[251.10263, 0.04, 'b{ADV}-H2O-NH3']	[251.10263, 0.04, 'a{DPT}-H2O-NH3']	[251.10263, 0.04, 'b{DGI}-H2O-NH3']	[251.10263, 0.04, 'b{DGL}-H2O-NH3']	[251.10263, 0.04, 'a{EPS}-H2O-NH3']	[251.10263, 0.04, 'b{EGV}-H2O-NH3']	[251.10263, 0.04, 'b{PST}-H2O-NH3']
251.15036	251.15024	45.3	0.7%	[251.15025, 0.0, 'b{HI}']	[251.15025, 0.0, 'b{HL}']	[251.15025, 0.0, 'y{HI}-H2O']	[251.15025, 0.0, 'y{HL}-H2O']	[251.15025, 0.0, 'a{APQ}-H2O']	[251.15025, 0.0, 'a{AKN}-H2O-NH3']	[251.15025, 0.0, 'a{GKQ}-H2O-NH3']
254.14994	254.14982	45.5	0.9%	[254.14992, -0.34, 'b{GPV}']	[254.14992, -0.34, 'a{PPS}']	[254.14992, -0.34, 'a{ADI}-H2O']	[254.14992, -0.34, 'a{ADL}-H2O']	[254.14992, -0.34, 'a{AEV}-H2O']	[254.14992, -0.34, 'a{AIN}-NH3']	[254.14992, -0.34, 'a{ALN}-NH3']	[254.14992, -0.34, 'a{AQV}-NH3']	[254.14992, -0.34, 'b{AAK}-NH3']	[254.14992, -0.34, 'b{AIS}-H2O']	[254.14992, -0.34, 'b{ALS}-H2O']	[254.14992, -0.34, 'b{ATV}-H2O']	[254.14992, -0.34, 'a{EGI}-H2O']	[254.14992, -0.34, 'a{EGL}-H2O']	[254.14992, -0.34, 'a{GIQ}-NH3']	[254.14992, -0.34, 'a{GLQ}-NH3']	[254.14992, -0.34, 'b{GIT}-H2O']	[254.14992, -0.34, 'b{GLT}-H2O']	[254.14992, -0.34, 'y{GPV}-H2O']	[254.14992, -0.34, 'a{PTT}-H2O']	[254.14992, -0.34, 'y{AAK}-H2O-NH3']	[254.14992, -0.34, 'a{KST}-H2O-NH3']	[254.14992, -0.34, 'a{GL[Acetyl]S}-H2O']
258.10866	258.10855	67.8	1.1%	[258.10845, 0.42, 'b{EQ}']	[258.10845, 0.42, 'b{AAD}']	[258.10845, 0.42, 'b{AEG}']	[258.10845, 0.42, 'y{EQ}-H2O']	[258.10845, 0.42, 'y{QQ}-NH3']	[258.10845, 0.42, 'y{AAD}-H2O']	[258.10845, 0.42, 'y{AAN}-NH3']	[258.10845, 0.42, 'y{AEG}-H2O']	[258.10845, 0.42, 'y{AGQ}-NH3']	[258.10845, 0.42, 'a{DST}-H2O']	[258.10845, 0.42, 'a{ESS}-H2O']	[258.10845, 0.42, 'a{NST}-NH3']	[258.10845, 0.42, 'a{QSS}-NH3']	[258.10845, 0.42, 'b{SST}-H2O']
258.14488	258.14477	140.1	2.5%	[258.14483, -0.2, 'b{EK}']	[258.14483, -0.2, 'a{ADV}']	[258.14483, -0.2, 'b{ASV}']	[258.14483, -0.2, 'y{AAP}']	[258.14483, -0.2, 'a{DGI}']	[258.14483, -0.2, 'a{DGL}']	[258.14483, -0.2, 'a{EGV}']	[258.14483, -0.2, 'b{GIS}']	[258.14483, -0.2, 'b{GLS}']	[258.14483, -0.2, 'b{GTV}']	[258.14483, -0.2, 'a{PST}']	[258.14483, -0.2, 'y{EK}-H2O']	[258.14483, -0.2, 'y{KQ}-NH3']	[258.14483, -0.2, 'y{AGK}-NH3']	[258.14483, -0.2, 'y{ASV}-H2O']	[258.14483, -0.2, 'y{GIS}-H2O']	[258.14483, -0.2, 'y{GLS}-H2O']	[258.14483, -0.2, 'y{GTV}-H2O']	[258.14483, -0.2, 'a{KSS}-NH3']	[258.14483, -0.2, 'a{TTT}-H2O']
259.09269	259.09258	61.1	0.9%	[259.09246, 0.5, 'b{EE}']	[259.09246, 0.5, 'y{EE}-H2O']	[259.09246, 0.5, 'y{EQ}-NH3']	[259.09246, 0.5, 'y{AAD}-NH3']	[259.09246, 0.5, 'y{AEG}-NH3']	[259.09246, 0.5, 'a{DST}-NH3']	[259.09246, 0.5, 'a{ESS}-NH3']	[259.09246, 0.5, 'b{SST}-NH3']	[259.09246, 0.5, 'y{SST}-H2O-NH3']	[259.09333, -2.86, 'a{MM[Acetyl]}-H2O']
260.04106	260.04095	351.5	4.6%	[260.04096, 0.0, 'b{CM[Acetyl]}-NH3']	[260.04096, 0.0, 'y{CM[Acetyl]}-H2O-NH3']	[260.04096, 0.0, 'b{M[Oxidation]M[Oxidation]}-H2O-NH3']	[260.04167, -2.73, 'b{CDG}-NH3+i']	[260.04167, -2.73, 'y{CDG}-H2O-NH3+i']	[260.04167, -2.73, 'b{C[Carbamidomethyl]D}-NH3+i']	[260.04167, -2.73, 'y{C[Carbamidomethyl]D}-H2O-NH3+i']
260.19694	260.19683	147.7	2.6%	[260.19687, -0.11, 'y{IK}']	[260.19687, -0.11, 'y{KL}']
261.12348	261.12337	46.0	0.8%	[261.12337, 0.04, 'b{PY}']	[261.12337, 0.04, 'y{PY}-H2O']	[261.12337, 0.04, 'a{AAY}-NH3']	[261.12337, 0.04, 'a{AFS}-NH3']	[261.12337, 0.04, 'a{FGT}-NH3']	[261.12337, 0.04, 'a{EPP}-H2O-NH3']	[261.12337, 0.04, 'b{PPT}-H2O-NH3']
261.15596	261.15585	55.7	0.8%	[261.15573, 0.5, 'y{KN}']	[261.15573, 0.5, 'y{GGK}']
262.11889	262.11878	37.6	0.5%	[262.11862, 0.66, 'b{FN}']	[262.11862, 0.66, 'y{GW}']	[262.11862, 0.66, 'b{FGG}']	[262.11862, 0.66, 'y{FN}-H2O']	[262.11862, 0.66, 'y{FGG}-H2O']	[262.11862, 0.66, 'a{GSY}-H2O']	[262.11862, 0.66, 'b{APQ}-H2O-NH3']
262.15118	262.15107	47.4	0.7%	[262.15098, 0.39, 'y{RS}']
265.11834	265.11824	57.9	0.9%	[265.11828, -0.13, 'a{EY}']	[265.11828, -0.13, 'b{TY}']	[265.11828, -0.13, 'y{TY}-H2O']	[265.11828, -0.13, 'a{DPP}-NH3']	[265.11828, -0.13, 'b{PPS}-NH3']	[265.11828, -0.13, 'b{ADI}-H2O-NH3']	[265.11828, -0.13, 'b{ADL}-H2O-NH3']	[265.11828, -0.13, 'b{AEV}-H2O-NH3']	[265.11828, -0.13, 'a{EPT}-H2O-NH3']	[265.11828, -0.13, 'b{EGI}-H2O-NH3']	[265.11828, -0.13, 'b{EGL}-H2O-NH3']	[265.11828, -0.13, 'b{PTT}-H2O-NH3']	[265.11828, -0.13, 'y{PPS}-H2O-NH3']	[265.11828, -0.13, 'a{DGL[Acetyl]}-H2O-NH3']	[265.11828, -0.13, 'b{GL[Acetyl]S}-H2O-NH3']
265.96035	265.96025	80.3	1.2%
266.15003	266.14993	36.1	0.5%	[266.14992, 0.06, 'b{APP}']	[266.14992, 0.06, 'y{APP}-H2O']	[266.14992, 0.06, 'a{DPV}-H2O']	[266.14992, 0.06, 'b{GKP}-NH3']	[266.14992, 0.06, 'a{NPV}-NH3']	[266.14992, 0.06, 'b{PSV}-H2O']	[266.14992, 0.06, 'a{AEK}-H2O-NH3']	[266.14992, 0.06, 'b{AKT}-H2O-NH3']	[266.14992, 0.06, 'y{GKP}-H2O-NH3']	[266.14992, 0.06, 'a{INT}-H2O-NH3']	[266.14992, 0.06, 'a{IQS}-H2O-NH3']	[266.14992, 0.06, 'a{LNT}-H2O-NH3']	[266.14992, 0.06, 'a{LQS}-H2O-NH3']	[266.14992, 0.06, 'a{QTV}-H2O-NH3']	[266.14992, 0.06, 'b{L[Acetyl]Q}-H2O']	[266.14992, 0.06, 'b{AGL[Acetyl]}-H2O']
270.14497	270.14488	60.4	1.1%	[270.14483, 0.18, 'a{AEP}']	[270.14483, 0.18, 'b{APT}']	[270.14483, 0.18, 'y{GPP}']	[270.14483, 0.18, 'a{ADK}-NH3']	[270.14483, 0.18, 'b{AKS}-NH3']	[270.14483, 0.18, 'y{APT}-H2O']	[270.14483, 0.18, 'a{DIS}-H2O']	[270.14483, 0.18, 'a{DLS}-H2O']	[270.14483, 0.18, 'a{DTV}-H2O']	[270.14483, 0.18, 'a{EGK}-NH3']	[270.14483, 0.18, 'a{ESV}-H2O']	[270.14483, 0.18, 'b{GKT}-NH3']	[270.14483, 0.18, 'a{INS}-NH3']	[270.14483, 0.18, 'b{ISS}-H2O']	[270.14483, 0.18, 'a{LNS}-NH3']	[270.14483, 0.18, 'b{LSS}-H2O']	[270.14483, 0.18, 'a{NTV}-NH3']	[270.14483, 0.18, 'a{QSV}-NH3']	[270.14483, 0.18, 'b{STV}-H2O']	[270.14483, 0.18, 'b{L[Acetyl]N}']	[270.14483, 0.18, 'b{GGL[Acetyl]}']	[270.14483, 0.18, 'y{AKS}-H2O-NH3']	[270.14483, 0.18, 'y{GKT}-H2O-NH3']	[270.14483, 0.18, 'y{L[Acetyl]N}-H2O']	[270.14483, 0.18, 'y{GGL[Acetyl]}-H2O']
272.1717	272.17161	111.9	1.3%	[272.17172, -0.4, 'y{PR}']	[272.17172, -0.4, 'a{GKN}']
274.11979	274.1197	17.1	0.5%	[274.11862, 3.94, 'a{DW}']	[274.11862, 3.94, 'b{SW}']	[274.11862, 3.94, 'b{QY}-H2O']	[274.11862, 3.94, 'y{SW}-H2O']	[274.11862, 3.94, 'b{AGY}-H2O']	[274.11862, 3.94, 'a{DFG}-H2O']	[274.11862, 3.94, 'a{FGN}-NH3']	[274.11862, 3.94, 'b{FGS}-H2O']	[274.11862, 3.94, 'b{NPP}-H2O-NH3']
274.18733	274.18724	63.1	0.8%	[274.18737, -0.47, 'y{RV}']
276.01814	276.01806	41.0	0.4%
276.15549	276.15541	47.8	0.9%	[276.1554, 0.01, 'y{EK}']	[276.1554, 0.01, 'y{ASV}']	[276.1554, 0.01, 'y{GIS}']	[276.1554, 0.01, 'y{GLS}']	[276.1554, 0.01, 'y{GTV}']	[276.1554, 0.01, 'a{TTT}']	[276.15673, -4.81, 'b{HR}-H2O']
276.16672	276.16664	31.0	0.5%	[276.16663, 0.01, 'y{RT}']
279.09765	279.09757	53.1	0.8%	[279.09755, 0.05, 'b{DY}']	[279.09755, 0.05, 'y{DY}-H2O']	[279.09755, 0.05, 'y{NY}-NH3']	[279.09755, 0.05, 'y{GGY}-NH3']	[279.09755, 0.05, 'a{DEP}-H2O-NH3']	[279.09755, 0.05, 'b{DPT}-H2O-NH3']	[279.09755, 0.05, 'b{EPS}-H2O-NH3']
284.16058	284.16051	31.0	0.6%	[284.16048, 0.06, 'y{APP}']	[284.16048, 0.06, 'a{DPV}']	[284.16048, 0.06, 'b{PSV}']	[284.16048, 0.06, 'a{AEK}-NH3']	[284.16048, 0.06, 'b{AKT}-NH3']	[284.16048, 0.06, 'a{DIT}-H2O']	[284.16048, 0.06, 'a{DLT}-H2O']	[284.16048, 0.06, 'a{EIS}-H2O']	[284.16048, 0.06, 'a{ELS}-H2O']	[284.16048, 0.06, 'a{ETV}-H2O']	[284.16048, 0.06, 'y{GKP}-NH3']	[284.16048, 0.06, 'a{INT}-NH3']	[284.16048, 0.06, 'a{IQS}-NH3']	[284.16048, 0.06, 'b{IST}-H2O']	[284.16048, 0.06, 'a{LNT}-NH3']	[284.16048, 0.06, 'a{LQS}-NH3']	[284.16048, 0.06, 'b{LST}-H2O']	[284.16048, 0.06, 'y{PSV}-H2O']	[284.16048, 0.06, 'a{QTV}-NH3']	[284.16048, 0.06, 'b{TTV}-H2O']	[284.16048, 0.06, 'b{L[Acetyl]Q}']	[284.16048, 0.06, 'b{AGL[Acetyl]}']	[284.16048, 0.06, 'y{AKT}-H2O-NH3']	[284.16048, 0.06, 'y{L[Acetyl]Q}-H2O']	[284.16048, 0.06, 'y{AGL[Acetyl]}-H2O']	[284.16048, 0.06, 'a{L[Acetyl]SS}-H2O']
286.1398	286.13974	50.1	0.9%	[286.13975, -0.11, 'b{ADV}']	[286.13975, -0.11, 'a{DPT}']	[286.13975, -0.11, 'b{DGI}']	[286.13975, -0.11, 'b{DGL}']	[286.13975, -0.11, 'a{EPS}']	[286.13975, -0.11, 'b{EGV}']	[286.13975, -0.11, 'b{PST}']	[286.13975, -0.11, 'y{ADV}-H2O']	[286.13975, -0.11, 'y{ANV}-NH3']	[286.13975, -0.11, 'a{DKS}-NH3']	[286.13975, -0.11, 'y{DGI}-H2O']	[286.13975, -0.11, 'y{DGL}-H2O']	[286.13975, -0.11, 'a{ETT}-H2O']	[286.13975, -0.11, 'y{EGV}-H2O']	[286.13975, -0.11, 'y{GIN}-NH3']	[286.13975, -0.11, 'y{GLN}-NH3']	[286.13975, -0.11, 'y{GQV}-NH3']	[286.13975, -0.11, 'b{KSS}-NH3']	[286.13975, -0.11, 'y{PST}-H2O']	[286.13975, -0.11, 'a{QTT}-NH3']	[286.13975, -0.11, 'b{TTT}-H2O']	[286.13975, -0.11, 'y{KSS}-H2O-NH3']	[286.14108, -4.76, 'a{GHH}-H2O']
288.20305	288.20299	140.2	2.0%	[288.20302, -0.17, 'y{IR}']	[288.20302, -0.17, 'y{LR}']
294.18127	294.18122	50.9	0.8%	[294.18122, -0.09, 'y{FK}']	[294.18122, -0.09, 'b{PPV}']	[294.18122, -0.09, 'a{EIP}-H2O']	[294.18122, -0.09, 'a{ELP}-H2O']	[294.18122, -0.09, 'a{IPQ}-NH3']	[294.18122, -0.09, 'b{IPT}-H2O']	[294.18122, -0.09, 'a{LPQ}-NH3']	[294.18122, -0.09, 'b{LPT}-H2O']	[294.18122, -0.09, 'y{PPV}-H2O']	[294.18122, -0.09, 'a{DIK}-H2O-NH3']	[294.18122, -0.09, 'a{DKL}-H2O-NH3']	[294.18122, -0.09, 'a{EKV}-H2O-NH3']	[294.18122, -0.09, 'b{IKS}-H2O-NH3']	[294.18122, -0.09, 'b{KLS}-H2O-NH3']	[294.18122, -0.09, 'b{KTV}-H2O-NH3']	[294.18122, -0.09, 'b{GL[Acetyl]V}-H2O']	[294.18122, -0.09, 'a{L[Acetyl]PS}-H2O']
298.21263	298.21258	50.3	0.7%	[298.21252, 0.12, 'b{AII}']	[298.21252, 0.12, 'b{AIL}']	[298.21252, 0.12, 'b{ALL}']	[298.21252, 0.12, 'b{VVV}']	[298.21252, 0.12, 'y{AII}-H2O']	[298.21252, 0.12, 'y{AIL}-H2O']	[298.21252, 0.12, 'y{ALL}-H2O']	[298.21252, 0.12, 'a{IKT}-NH3']	[298.21252, 0.12, 'a{KLT}-NH3']	[298.21252, 0.12, 'y{VVV}-H2O']	[298.21252, 0.12, 'a{AL[Acetyl]V}']	[298.21252, 0.12, 'a{GIL[Acetyl]}']	[298.21252, 0.12, 'a{GLL[Acetyl]}']
299.06169	299.06164	84.1	1.1%	[299.06309, -4.93, 'a{CCH}-NH3']
299.1714	299.17135	46.2	0.9%	[299.17138, -0.18, 'b{AIN}']	[299.17138, -0.18, 'b{ALN}']	[299.17138, -0.18, 'b{AQV}']	[299.17138, -0.18, 'b{GIQ}']	[299.17138, -0.18, 'b{GLQ}']	[299.17138, -0.18, 'a{PQT}']	[299.17138, -0.18, 'y{AIN}-H2O']	[299.17138, -0.18, 'y{ALN}-H2O']	[299.17138, -0.18, 'y{AQV}-H2O']	[299.17138, -0.18, 'a{DKT}-H2O']	[299.17138, -0.18, 'a{EKS}-H2O']	[299.17138, -0.18, 'y{GIQ}-H2O']	[299.17138, -0.18, 'y{GLQ}-H2O']	[299.17138, -0.18, 'a{KNT}-NH3']	[299.17138, -0.18, 'a{KQS}-NH3']	[299.17138, -0.18, 'b{KST}-H2O']	[299.17138, -0.18, 'a{GL[Acetyl]N}']
300.15551	300.15547	45.9	1.0%	[300.1554, 0.12, 'b{ADI}']	[300.1554, 0.12, 'b{ADL}']	[300.1554, 0.12, 'b{AEV}']	[300.1554, 0.12, 'a{EPT}']	[300.1554, 0.12, 'b{EGI}']	[300.1554, 0.12, 'b{EGL}']	[300.1554, 0.12, 'b{PTT}']	[300.1554, 0.12, 'y{PPS}']	[300.1554, 0.12, 'y{ADI}-H2O']	[300.1554, 0.12, 'y{ADL}-H2O']	[300.1554, 0.12, 'y{AEV}-H2O']	[300.1554, 0.12, 'y{AIN}-NH3']	[300.1554, 0.12, 'y{ALN}-NH3']	[300.1554, 0.12, 'y{AQV}-NH3']	[300.1554, 0.12, 'a{DKT}-NH3']	[300.1554, 0.12, 'a{EKS}-NH3']	[300.1554, 0.12, 'y{EGI}-H2O']	[300.1554, 0.12, 'y{EGL}-H2O']	[300.1554, 0.12, 'y{GIQ}-NH3']	[300.1554, 0.12, 'y{GLQ}-NH3']	[300.1554, 0.12, 'b{KST}-NH3']	[300.1554, 0.12, 'y{PTT}-H2O']	[300.1554, 0.12, 'a{DGL[Acetyl]}']	[300.1554, 0.12, 'b{GL[Acetyl]S}']	[300.1554, 0.12, 'y{KST}-H2O-NH3']	[300.1554, 0.12, 'y{GL[Acetyl]S}-H2O']	[300.15673, -4.31, 'a{AHH}-H2O']
302.88934	302.8893	228.8	7.0%
302.93733	302.93729	241.8	6.8%
302.93531	302.93527	118.8	4.7%
311.17136	311.17132	36.0	0.8%	[311.17138, -0.29, 'b{NPV}']	[311.17138, -0.29, 'b{AEK}-H2O']	[311.17138, -0.29, 'b{AKQ}-NH3']	[311.17138, -0.29, 'a{DIQ}-H2O']	[311.17138, -0.29, 'a{DLQ}-H2O']	[311.17138, -0.29, 'a{EIN}-H2O']	[311.17138, -0.29, 'a{ELN}-H2O']	[311.17138, -0.29, 'a{EQV}-H2O']	[311.17138, -0.29, 'a{INQ}-NH3']	[311.17138, -0.29, 'b{INT}-H2O']	[311.17138, -0.29, 'b{IQS}-H2O']	[311.17138, -0.29, 'a{LNQ}-NH3']	[311.17138, -0.29, 'b{LNT}-H2O']	[311.17138, -0.29, 'b{LQS}-H2O']	[311.17138, -0.29, 'y{NPV}-H2O']	[311.17138, -0.29, 'a{QQV}-NH3']	[311.17138, -0.29, 'b{QTV}-H2O']	[311.17138, -0.29, 'y{HL[Acetyl]}']	[311.17138, -0.29, 'y{AKQ}-H2O-NH3']	[311.17138, -0.29, 'a{L[Acetyl]NS}-H2O']
315.20277	315.20273	39.3	0.6%	[315.20268, 0.07, 'y{AKP}']	[315.20268, 0.07, 'a{DKV}']	[315.20268, 0.07, 'a{IQT}']	[315.20268, 0.07, 'b{KSV}']	[315.20268, 0.07, 'a{LQT}']	[315.20268, 0.07, 'y{GKK}-NH3']	[315.20268, 0.07, 'y{KSV}-H2O']	[315.20426, -4.94, 'a{CKK}-H2O+i']
337.1871	337.18701	48.7	0.7%	[337.18703, 0.06, 'b{EKP}-H2O']	[337.18703, 0.06, 'y{HVV}-NH3']	[337.18703, 0.06, 'b{KPQ}-NH3']	[337.18703, 0.06, 'b{DKK}-H2O-NH3']	[337.18703, 0.06, 'y{KPQ}-H2O-NH3']	[337.18703, 0.06, 'b{AL[Acetyl]Q}-H2O']	[337.18861, -4.62, 'a{HIM}-H2O+i']	[337.18861, -4.62, 'a{HLM}-H2O+i']
359.02844	359.0282	81.5	1.0%
