mz	intensity	ms runs	percentage	theoretical m/z	delta PPM	primary identification	other identifications
56.0495	362.0	2/2	1.0%	56.04948	-0.36	IK-C2H4-NH3	['IQ-CO-NH3', 'IR-C2H4N2-NH3', 'IT-H2O']
60.0444	722.2	2/2	1.6%	60.04439	-0.17	IS	[]
60.0556	142.4	1/2	2.1%	60.05562	0.33	IR-C4H7N	[]
61.01064	157.0	1/2	1.6%	61.01065	0.16	IM-C2H2-NH3	[]
69.03349	1978.7	1/2	0.6%	69.03349	0.0	IV+CO-NH3-CH2	[]
69.06989	614.5	2/2	2.8%	69.06988	-0.14	II-NH3	['IL-NH3']
70.02875	217.4	1/2	3.6%	70.02874	-0.14	ID-H2O	['IN-NH3', 'b(S)-H2O', 'a(GG)-NH3']
70.06513	10785.6	2/2	8.8%	70.06513	0.0	IP	['IR-CH5N3', 'IR-CH2N2-NH3']
71.06847	182.3	1/2	3.6%	71.06853	0.84	IP+i	['IR-CH5N3+i', 'IR-CH2N2+i-NH3']
71.08554	410.9	1/2	0.2%	71.08553	-0.14	C5H11	[]
72.08078	14892.4	2/2	9.8%	72.08078	0.0	II-CH2	['IL-CH2', 'IV']
73.02839	870.5	1/2	0.5%	73.02841	0.27	y(A)-NH3	[]
73.04682	313.6	1/2	0.3%	?	?	?	?
73.06481	497.1	1/2	0.4%	73.06479	-0.27	C4H9O	[]
73.0841	327.4	1/2	5.4%	73.08418	1.09	II-CH2+i	['IL-CH2+i', 'IV+i']
74.06005	3334.1	2/2	7.5%	74.06004	-0.14	IT	[]
75.04408	876.1	1/2	0.6%	75.04406	-0.27	C3H7O2	[]
75.0553	383.1	1/2	0.2%	75.05529	-0.13	C2H7N2O	[]
81.03349	371.3	2/2	3.0%	81.03349	0.0	b(P)-NH3	['y(P)-H2O-NH3', 'IR+H2O+H2O-N3H7-H2O-NH3']
83.04913	623.6	1/2	0.5%	83.04914	0.12	b(V)-NH3	['y(V)-H2O-NH3']
83.06038	355.1	2/2	4.9%	83.06037	-0.12	IR-CH6N2	['IQ-H2O', 'IR-CH3N-NH3', 'a(AG)-H2O']
84.0444	6048.7	2/2	14.9%	84.04439	-0.12	IQ-NH3	['IE-H2O', 'b(T)-H2O', 'a(AG)-NH3']
84.08078	12596.1	2/2	17.6%	84.08078	0.0	IK-NH3	[]
85.01066	3835.1	1/2	3.3%	85.01065	-0.12	IM[Oxidation]-H2O-NH3	[]
85.08413	380.1	1/2	8.8%	85.08418	0.59	IK-NH3+i	['IK+i-NH3']
86.06004	101.4	1/2	1.6%	?	?	?	?
86.09107	337.3	1/2	0.2%	?	?	?	?
86.09358	140.7	1/2	0.8%	?	?	?	?
86.09644	45323.7	2/2	21.1%	86.09643	-0.12	II	['IL', 'C5H12N']
86.10195	472.6	1/2	0.2%	?	?	?	?
87.04406	2136.8	2/2	1.9%	87.04406	0.0	C4H7O2	[]
87.0553	1969.9	2/2	9.4%	87.05529	-0.11	IN	['a(GG)']
87.09977	1334.5	2/2	9.9%	87.09983	0.69	II+i	['IL+i']
88.03932	1968.7	2/2	9.4%	88.0393	-0.23	ID	['b(S)', 'y(S)-H2O']
89.05972	5120.6	2/2	3.0%	89.05971	-0.11	C4H9O2	[]
90.06303	197.4	1/2	0.2%	?	?	?	?
91.05427	195.2	2/2	1.8%	91.05423	-0.44	IF-CH3N	['IY-CO-NH3']
91.05738	746.4	1/2	0.6%	?	?	?	?
92.01647	5644.7	1/2	5.1%	?	?	?	?
93.04481	159.2	1/2	5.3%	93.04472	-0.97	IH-NH3	[]
95.04914	459.1	1/2	0.5%	95.04914	0.0	IK+CO-NH3-NH3	['IK+CO+H2O-NH3-H2O-NH3']
96.04443	139.1	1/2	3.5%	96.04439	-0.42	a(AS)-H2O-NH3	['a(GT)-H2O-NH3']
96.05566	370.8	1/2	5.7%	?	?	?	?
97.0284	1932.4	1/2	22.6%	?	?	?	?
98.06002	320.8	2/2	3.2%	98.06004	0.2	b(P)	['y(P)-H2O', 'IR+H2O+H2O-N3H7-H2O', 'a(AA)-NH3']
98.98417	992.4	2/2	4.2%	?	?	?	?
99.04404	716.8	2/2	1.2%	99.04406	0.2	y(P)-NH3	['IR+H2O+H2O-N3H7-NH3']
99.05527	159.2	2/2	1.6%	99.05529	0.2	a(GS)-H2O	[]
100.07569	71.3	2/4	1.6%	100.07569	0.0	b(V)	['y(V)-H2O']
101.05971	147.2	1/4	1.3%	101.05971	0.0	y(V)-NH3	[]
101.07094	5404.6	4/4	48.9%	101.07094	0.0	IQ	['a(AG)']
101.10731	402.8	4/4	11.6%	101.10732	0.1	IK	[]
102.05496	6233.1	4/4	51.2%	102.05495	-0.1	IE	['b(T)', 'y(T)-H2O']
102.06752	124.5	1/4	0.9%	?	?	?	?
103.03898	234.4	1/4	0.1%	103.03897	-0.1	y(T)-NH3	[]
103.05419	271.6	2/4	7.6%	103.05423	0.39	IF-NH3	[]
104.05286	4182.6	4/4	37.0%	104.05285	-0.1	IM	[]
105.06585	290.4	3/4	4.4%	105.06585	0.0	C3H9N2O2	[]
106.04865	95.2	2/4	3.0%	106.04853	-1.13	CH6N4O2	['IH+CO-NH+i-H2O']
108.04446	152.7	1/4	2.1%	108.04439	-0.65	b(AA)-H2O-NH3	[]
110.0601	459.5	1/4	8.3%	110.06004	-0.55	a(AT)-H2O-NH3	['a(GP)-NH3']
110.0713	10000.0	4/4	56.0%	110.07127	-0.27	IH	[]
111.04405	1563.1	1/4	1.1%	111.04406	0.09	C6H7O2	[]
111.07474	245.2	3/4	13.2%	111.07467	-0.63	IH+i	[]
112.05057	1295.8	1/4	17.3%	?	?	?	?
112.07571	145.7	1/4	4.9%	112.07569	-0.18	IK+CO-NH3	['IK+CO+H2O-H2O-NH3', 'IK+CO+H2O-NH3-H2O', 'b(K)-NH3', 'y(K)-H2O-NH3', 'a(GV)-NH3']
112.08691	1038.0	4/4	29.4%	112.08692	0.09	IR-NH3	[]
113.05388	115.0	1/4	1.5%	?	?	?	?
113.05969	407.7	1/4	0.6%	113.05971	0.18	IK+CO+H2O-NH3-NH3	[]
113.07092	459.5	4/4	13.2%	113.07094	0.18	a(AS)-H2O	['a(GT)-H2O']
114.05498	80.9	1/4	1.6%	114.05495	-0.26	a(AS)-NH3	['a(GT)-NH3']
114.09134	103.0	1/4	2.2%	114.09134	0.0	b(I)	['b(L)', 'y(I)-H2O', 'y(L)-H2O']
115.02123	376.2	1/4	0.7%	115.02121	-0.17	b(M)-NH3	['y(M)-H2O-NH3']
115.05021	253.7	4/4	5.1%	115.0502	-0.09	b(N)	['b(GG)', 'y(N)-H2O', 'y(GG)-H2O']
115.0866	1294.0	4/4	30.7%	115.08659	-0.09	a(AA)	[]
116.01645	82.4	2/4	2.9%	116.01646	0.09	IC[Carbamidomethyl]-NH3	['a(CG)-NH3']
116.07058	893.5	4/4	23.1%	116.0706	0.17	y(P)	['IR+H2O+H2O-N3H7']
117.06584	113.0	3/4	2.3%	117.06585	0.09	a(GS)	[]
117.10226	158.8	3/4	2.5%	117.10224	-0.17	C5H13N2O	[]
119.04913	359.6	4/4	8.1%	119.04914	0.08	IY-NH3	[]
119.08154	216.4	2/4	4.5%	119.0815	-0.34	C4H11N2O2	[]
120.07192	80.6	1/4	1.6%	?	?	?	?
120.08079	11835.8	4/4	55.2%	120.08078	-0.08	IF	[]
120.08986	72.3	1/4	1.2%	?	?	?	?
121.0842	615.2	4/4	17.1%	121.08418	-0.17	IF+i	[]
122.07125	463.5	1/4	10.3%	122.07127	0.16	b(R)-H2O-NH3	[]
125.07093	102.8	1/4	3.2%	125.07094	0.08	b(AA)-H2O	[]
126.05495	235.4	4/4	5.9%	126.05495	0.0	b(AA)-NH3	['y(AA)-H2O-NH3', 'a(ST)-H2O-NH3']
126.09132	136.3	1/4	2.3%	126.09134	0.16	a(AV)-NH3	['a(GI)-NH3', 'a(GL)-NH3']
127.0502	198.0	4/4	4.9%	127.0502	0.0	a(DG)-H2O	['a(GN)-NH3', 'b(GS)-H2O', 'a(GGG)-NH3']
127.08659	881.7	4/4	18.1%	127.08659	0.0	a(GP)	['a(AT)-H2O']
128.07063	180.8	1/4	7.0%	128.0706	-0.23	a(AT)-NH3	[]
128.10696	195.8	4/4	3.9%	128.10699	0.23	C7H14NO	[]
129.0546	467.0	1/4	0.9%	129.05462	0.15	C6H9O3	[]
129.06585	1701.3	4/4	33.9%	129.06585	0.0	IQ+CO	['b(Q)', 'b(AG)', 'y(Q)-H2O', 'y(AG)-H2O', 'a(SS)-H2O']
129.09241	81.2	2/4	2.3%	?	?	?	?
129.10225	15726.7	4/4	70.8%	129.10224	-0.08	IK+CO	['b(K)', 'a(GV)', 'IK+CO+H2O-H2O', 'y(K)-H2O']
129.11249	168.6	2/4	6.6%	129.11347	7.59	IR	[]
130.04987	433.4	4/4	13.9%	130.04987	0.0	b(E)	['y(E)-H2O', 'y(Q)-NH3', 'y(AG)-NH3', 'a(SS)-NH3']
130.06515	745.0	4/4	11.9%	130.06513	-0.15	IW-CH3N	['b(F)-H2O']
130.08628	5710.9	4/4	59.2%	130.08626	-0.15	IK+CO+H2O-NH3	['y(K)-NH3']
130.09648	71.0	1/4	4.3%	130.09749	7.76	C5H12N3O	[]
130.10558	577.4	3/4	28.4%	130.10564	0.46	IK+CO+i	['b(K)+i', 'IK+CO+H2O+i-H2O', 'y(K)+i-H2O']
131.07028	888.9	2/4	2.2%	131.07027	-0.08	C6H11O3	[]
131.0814	439.2	4/4	8.4%	131.0815	0.76	a(AS)	['a(GT)']
131.08979	99.2	2/4	6.5%	131.08966	-0.99	IK+CO+H2O-NH3+i	['IK+CO+H2O+i-NH3', 'y(K)+i-NH3']
131.11787	484.4	4/4	7.2%	131.11789	0.15	C6H15N2O	[]
132.07675	93.4	3/4	1.7%	132.07675	0.0	C4H10N3O2	[]
132.08076	352.7	4/4	5.8%	132.08078	0.15	IW-CHN	['a(PP)-H2O-NH3']
132.10193	238.1	1/4	0.2%	132.10191	-0.15	y(I)	['y(L)']
133.043	754.2	4/4	15.3%	133.04301	0.08	IC[Carbamidomethyl]	['a(CG)']
133.06074	312.4	4/4	6.0%	133.06077	0.23	y(N)	['y(GG)']
133.08589	476.7	3/4	3.4%	133.08592	0.23	C6H13O3	[]
136.06179	88.1	3/4	16.2%	?	?	?	?
136.07569	9933.7	4/4	62.9%	136.07569	0.0	IY	['b(AV)-H2O-NH3', 'b(GI)-H2O-NH3', 'b(GL)-H2O-NH3', 'a(PT)-H2O-NH3']
136.08683	299.5	1/4	9.5%	?	?	?	?
137.05967	267.8	1/4	0.4%	137.05971	0.29	C8H9O2	[]
137.06503	172.5	1/4	4.5%	?	?	?	?
137.07909	536.6	4/4	17.7%	137.07909	0.0	IY+i	[]
138.0549	118.0	2/4	3.4%	138.05495	0.36	a(AE)-H2O-NH3	['b(AT)-H2O-NH3', 'b(GP)-NH3', 'y(GP)-H2O-NH3']
138.06614	178.3	3/4	12.0%	138.06619	0.36	b(H)	['IH+CO+H2O-H2O', 'y(H)-H2O']
138.09125	111.3	1/4	3.8%	138.09134	0.65	a(IS)-H2O-NH3	['a(LS)-H2O-NH3', 'a(TV)-H2O-NH3']
139.08648	134.6	1/4	6.9%	139.08659	0.79	b(GV)-H2O	['a(PS)-H2O']
140.07059	141.9	3/4	4.6%	140.0706	0.07	b(GV)-NH3	['y(GV)-H2O-NH3', 'a(PS)-NH3', 'a(TT)-H2O-NH3']
141.06579	613.7	4/4	17.6%	141.06585	0.43	a(AD)-H2O	['a(AN)-NH3', 'b(AS)-H2O', 'a(EG)-H2O', 'a(GQ)-NH3', 'b(GT)-H2O', 'a(AGG)-NH3']
141.10221	950.3	4/4	21.5%	141.10224	0.21	a(AP)	['a(GK)-NH3', 'a(SV)-H2O']
142.12264	153.7	4/4	2.9%	142.12264	0.0	C8H16NO	[]
143.08152	548.0	4/4	13.3%	143.0815	-0.14	b(AA)	['y(AA)-H2O', 'a(ST)-H2O']
143.11788	2342.3	4/4	33.8%	143.11789	0.07	a(AV)	['a(GI)', 'a(GL)']
144.0655	67.4	2/4	2.4%	144.06552	0.14	y(AA)-NH3	['a(ST)-NH3']
144.08081	101.2	2/4	2.4%	144.08078	-0.21	C10H10N	[]
144.12138	82.0	1/4	3.8%	?	?	?	?
145.06077	341.1	4/4	9.4%	145.06077	0.0	a(DG)	['b(GS)', 'y(GS)-H2O']
145.08586	105.6	1/4	1.1%	?	?	?	?
145.09715	420.2	4/4	7.3%	145.09715	0.0	a(AT)	[]
146.0634	94.7	2/4	2.7%	?	?	?	?
147.04406	109.0	2/4	4.5%	147.04406	0.0	b(Y)-NH3	['y(Y)-H2O-NH3']
147.07643	249.5	3/4	7.1%	147.07642	-0.07	y(Q)	['y(AG)', 'a(SS)']
147.10046	110.2	2/4	3.4%	147.10023	-1.56	C5H13N3O2	[]
147.1128	9534.0	4/4	69.0%	147.1128	0.0	IK+CO+H2O	['y(K)']
148.07564	142.2	1/4	4.1%	148.07569	0.34	b(F)	['y(F)-H2O']
148.11617	255.2	3/4	16.8%	148.1162	0.2	IK+CO+H2O+i	['y(K)+i']
149.02335	558.4	2/4	0.9%	149.02332	-0.2	C8H5O3	[]
149.04487	174.6	3/4	4.2%	149.04608	8.12	b(M[Oxidation])+i	['y(M[Oxidation])+i-H2O']
149.07434	128.9	1/4	3.4%	?	?	?	?
149.08087	705.1	1/4	1.3%	149.08217	8.72	a(GH)-H2O	[]
150.05832	51.4	1/4	1.6%	150.05833	0.07	y(M)	[]
152.0567	897.2	1/4	21.6%	?	?	?	?
153.06582	71.5	3/4	4.6%	153.06585	0.2	a(NT)-H2O-NH3	['a(QS)-H2O-NH3', 'a(AGS)-H2O-NH3', 'a(GGT)-H2O-NH3']
153.10222	138.7	3/4	2.9%	153.10224	0.13	b(AV)-H2O	['b(GI)-H2O', 'b(GL)-H2O', 'a(KS)-H2O-NH3', 'a(PT)-H2O']
154.08627	381.3	1/4	12.8%	154.08626	-0.06	b(AV)-NH3	['y(AV)-H2O-NH3', 'b(GI)-NH3', 'b(GL)-NH3', 'y(GI)-H2O-NH3', 'y(GL)-H2O-NH3', 'a(PT)-NH3']
154.0975	65.0	1/4	1.9%	154.09749	-0.06	a(AQ)-H2O	['a(AAG)-H2O']
155.07024	846.4	1/4	1.0%	155.07027	0.19	C8H11O3	[]
155.08146	1207.5	4/4	30.8%	155.0815	0.26	b(GP)	['a(AE)-H2O', 'a(AQ)-NH3', 'b(AT)-H2O', 'y(GP)-H2O', 'a(AAG)-NH3']
155.11786	431.8	4/4	13.0%	155.11789	0.19	a(AK)-NH3	['a(IS)-H2O', 'a(LS)-H2O', 'a(TV)-H2O']
156.07677	217.1	4/4	7.3%	156.07675	-0.13	IH+CO+H2O	['y(H)', 'a(NS)-H2O', 'a(GGS)-H2O']
157.0608	234.8	4/4	7.8%	157.06077	-0.19	a(DS)-H2O	['a(NS)-NH3', 'b(SS)-H2O', 'a(GGS)-NH3']
157.09708	721.2	4/4	18.6%	157.09715	0.45	b(GV)	['a(PS)', 'y(GV)-H2O', 'a(TT)-H2O']
157.10887	136.9	3/4	12.7%	157.10839	-3.06	b(R)	['IK+CO+H2ON2-H2O', 'IR+CO+H2O-H2O', 'y(R)-H2O']
157.13357	1568.0	4/4	27.4%	157.13354	-0.19	a(AI)	['a(AL)']
158.06349	403.0	1/4	6.1%	158.06341	-0.51	a(AM)-NH3	['a(CV)-NH3']
158.0924	1324.0	4/4	37.7%	158.0924	0.0	a(AN)	['a(GQ)', 'a(AGG)', 'IK+CO+H2ON2-NH3', 'IR+CO+H2O-NH3', 'y(R)-NH3']
158.13695	77.3	1/4	3.6%	?	?	?	?
159.07649	878.8	4/4	26.2%	159.07642	-0.44	a(AD)	['b(AS)', 'a(EG)', 'b(GT)', 'y(AS)-H2O', 'y(GT)-H2O']
159.09163	1695.5	4/4	25.2%	159.09167	0.25	IW	['a(FG)-H2O']
159.11284	602.7	4/4	10.4%	159.1128	-0.25	a(SV)	[]
160.04271	1536.7	1/4	3.6%	160.04268	-0.19	a(CT)-NH3	['a(GM[Oxidation])-NH3']
160.09504	130.8	2/4	5.4%	160.09507	0.19	IW+i	[]
161.09208	178.2	3/4	4.1%	161.09207	-0.06	y(AA)	['a(ST)']
164.08189	174.3	1/4	7.0%	164.08184	-0.3	a(AH)-NH3	[]
165.10228	122.8	4/4	3.2%	165.10224	-0.24	b(AK)-H2O-NH3	['a(IN)-H2O-NH3', 'a(LN)-H2O-NH3', 'a(QV)-H2O-NH3', 'a(AGV)-H2O-NH3', 'a(GGI)-H2O-NH3', 'a(GGL)-H2O-NH3']
166.06116	285.1	3/4	20.8%	166.0611	-0.36	a(NN)-H2O-NH3	['a(GGN)-H2O-NH3']
166.08626	116.3	2/4	3.8%	166.08626	0.0	y(F)	['a(DI)-H2O-NH3', 'a(DL)-H2O-NH3', 'a(EV)-H2O-NH3', 'b(IS)-H2O-NH3', 'b(LS)-H2O-NH3', 'b(TV)-H2O-NH3']
167.05547	335.0	4/4	5.0%	167.05502	-2.69	C5H11O6	[]
167.08144	411.3	4/4	14.9%	167.0815	0.36	a(DP)-H2O	['a(NP)-NH3', 'b(PS)-H2O', 'a(QT)-H2O-NH3', 'a(AAS)-H2O-NH3', 'a(AGT)-H2O-NH3', 'a(GGP)-NH3']
167.09287	137.0	2/4	6.5%	167.09274	-0.78	a(GH)	[]
169.06077	209.3	4/4	7.0%	169.06077	0.0	b(AD)-H2O	['b(AN)-NH3', 'y(AN)-H2O-NH3', 'b(EG)-H2O', 'b(GQ)-NH3', 'y(GQ)-H2O-NH3', 'b(AGG)-NH3', 'y(AGG)-H2O-NH3', 'a(GSS)-H2O-NH3']
169.09715	1040.2	4/4	23.7%	169.09715	0.0	b(AP)	['y(AP)-H2O', 'a(DV)-H2O', 'b(GK)-NH3', 'y(GK)-H2O-NH3', 'a(NV)-NH3', 'b(SV)-H2O', 'a(AAA)-NH3', 'a(GGV)-NH3']
169.13353	1315.1	4/4	24.7%	169.13354	0.06	a(PV)	['a(IT)-H2O', 'a(LT)-H2O']
170.06004	293.8	4/4	6.3%	170.06004	0.0	IW+CO-NH3	['b(W)-NH3', 'y(W)-H2O-NH3', 'b(FG)-H2O-NH3']
170.09239	74.4	2/4	3.0%	170.0924	0.06	a(NT)-H2O	['a(QS)-H2O', 'a(AGS)-H2O', 'a(GGT)-H2O']
171.0764	477.3	4/4	15.9%	171.07642	0.12	a(DT)-H2O	['a(ES)-H2O', 'a(NT)-NH3', 'a(QS)-NH3', 'b(ST)-H2O', 'a(AGS)-NH3', 'a(GGT)-NH3']
171.11278	1445.8	4/4	33.0%	171.1128	0.12	b(AV)	['b(GI)', 'b(GL)', 'a(PT)', 'y(AV)-H2O', 'y(GI)-H2O', 'y(GL)-H2O', 'a(KS)-NH3']
171.14918	797.5	4/4	15.2%	171.14919	0.06	a(VV)	[]
172.07167	169.7	3/4	3.3%	172.07167	0.0	b(GN)	['b(GGG)', 'y(GN)-H2O', 'y(GGG)-H2O']
172.108	90.2	2/4	4.4%	172.10805	0.29	a(AQ)	['a(AAG)']
172.11559	86.0	2/4	4.3%	?	?	?	?
172.15257	167.9	1/4	6.3%	?	?	?	?
173.05572	99.7	3/4	4.8%	173.05568	-0.23	b(DG)	['y(DG)-H2O', 'y(GN)-NH3', 'y(GGG)-NH3']
173.09211	679.8	4/4	20.9%	173.09207	-0.23	a(AE)	['b(AT)', 'y(GP)', 'y(AT)-H2O']
173.12849	2034.1	4/4	37.9%	173.12845	-0.23	a(IS)	['a(LS)', 'a(TV)']
174.05844	85.4	1/4	2.4%	174.05833	-0.63	a(AM[Oxidation])-NH3	['a(MS)-NH3']
174.13189	113.5	2/4	5.2%	?	?	?	?
175.07139	192.0	4/4	5.6%	175.07133	-0.34	a(DS)	['b(SS)', 'y(SS)-H2O']
175.09006	177.2	2/4	2.5%	175.08996	-0.57	a(AM)	['a(CV)']
175.10785	179.5	1/4	6.9%	175.10772	-0.74	y(GV)	['a(TT)']
175.11901	7667.0	4/4	72.2%	175.11895	-0.34	IK+CO+H2ON2	['IR+CO+H2O', 'y(R)']
176.01989	2059.3	1/4	4.5%	176.0203	2.33	C6H2N5O2	[]
176.10695	171.9	1/4	0.3%	176.10699	0.23	b(IP)-H2O-NH3	['b(LP)-H2O-NH3']
176.12208	223.6	3/4	17.2%	176.12235	1.53	IK+CO+H2ON2+i	['IR+CO+H2O+i', 'y(R)+i']
177.03116	108.8	1/4	4.9%	?	?	?	?
177.10226	221.9	4/4	4.2%	177.10224	-0.11	a(FG)	['b(PP)-H2O', 'a(AAP)-H2O-NH3']
177.11212	578.2	2/4	2.0%	177.11214	0.11	C8H17O4	[]
178.05324	9734.1	1/4	20.2%	178.05255	-3.88	C12H6N2	[]
179.11787	150.8	1/4	6.4%	179.11789	0.11	a(IQ)-H2O-NH3	['a(LQ)-H2O-NH3', 'b(PV)-H2O', 'a(AAV)-H2O-NH3', 'a(AGI)-H2O-NH3', 'a(AGL)-H2O-NH3']
180.10188	199.7	1/4	6.6%	180.10191	0.17	a(EI)-H2O-NH3	['a(EL)-H2O-NH3', 'b(IT)-H2O-NH3', 'b(LT)-H2O-NH3', 'b(PV)-NH3', 'y(PV)-H2O-NH3']
181.06069	196.7	3/4	11.9%	181.06077	0.44	a(DQ)-H2O-NH3	['a(EN)-H2O-NH3', 'b(NT)-H2O-NH3', 'b(QS)-H2O-NH3', 'a(ADG)-H2O-NH3', 'b(AGS)-H2O-NH3', 'a(EGG)-H2O-NH3', 'b(GGT)-H2O-NH3']
181.09708	261.0	4/4	9.2%	181.09715	0.39	a(DK)-H2O-NH3	['a(EP)-H2O', 'b(KS)-H2O-NH3', 'a(PQ)-NH3', 'b(PT)-H2O', 'a(AAT)-H2O-NH3', 'a(AGP)-NH3', 'a(GSV)-H2O-NH3']
181.10834	933.6	1/4	28.6%	181.10839	0.28	a(AH)	['a(RS)-H2O-NH3']
182.09253	61.8	1/4	2.4%	182.0924	-0.71	b(AQ)-H2O	['b(AAG)-H2O']
182.12884	67.9	1/4	3.5%	182.12879	-0.27	b(AK)-H2O	['a(IN)-H2O', 'a(LN)-H2O', 'a(QV)-H2O', 'a(AGV)-H2O', 'a(GGI)-H2O', 'a(GGL)-H2O']
183.07646	208.4	4/4	7.8%	183.07642	-0.22	b(AE)-H2O	['b(AQ)-NH3', 'y(AQ)-H2O-NH3', 'a(ASS)-H2O-NH3', 'b(AAG)-NH3', 'y(AAG)-H2O-NH3', 'a(GST)-H2O-NH3']
183.11283	1066.3	4/4	31.8%	183.1128	-0.16	b(AK)-NH3	['y(AK)-H2O-NH3', 'a(DI)-H2O', 'a(DL)-H2O', 'a(EV)-H2O', 'a(IN)-NH3', 'b(IS)-H2O', 'a(LN)-NH3', 'b(LS)-H2O', 'a(QV)-NH3', 'b(TV)-H2O', 'a(AGV)-NH3', 'a(GGI)-NH3', 'a(GGL)-NH3']
183.14922	945.9	4/4	21.4%	183.14919	-0.16	a(IP)	['a(LP)', 'a(KV)-NH3']
184.07169	66.3	1/4	3.4%	184.07167	-0.11	a(DN)-H2O	['a(NN)-NH3', 'b(NS)-H2O', 'a(DGG)-H2O', 'a(GGN)-NH3', 'b(GGS)-H2O']
184.10806	77.4	3/4	4.9%	184.10805	-0.05	a(NP)	['a(GGP)', 'a(QT)-H2O', 'a(AAS)-H2O', 'a(AGT)-H2O']
185.0557	169.2	3/4	8.0%	185.05568	-0.11	a(DD)-H2O	['a(DN)-NH3', 'b(DS)-H2O', 'b(NS)-NH3', 'y(NS)-H2O-NH3', 'a(DGG)-NH3', 'b(GGS)-NH3', 'y(GGS)-H2O-NH3']
185.07434	107.8	1/4	2.2%	185.07431	-0.16	b(AM)-H2O	['b(CV)-H2O']
185.09204	797.0	4/4	25.5%	185.09207	0.16	a(DP)	['b(PS)', 'a(ET)-H2O', 'y(PS)-H2O', 'a(QT)-NH3', 'b(TT)-H2O', 'a(AAS)-NH3', 'a(AGT)-NH3']
185.12848	982.7	4/4	22.0%	185.12845	-0.16	b(AI)	['b(AL)', 'y(AI)-H2O', 'y(AL)-H2O', 'a(KT)-NH3']
185.1649	1521.6	4/4	27.1%	185.16484	-0.32	a(IV)	['a(LV)']
186.05837	111.3	1/4	3.0%	186.05833	-0.21	b(AM)-NH3	['y(AM)-H2O-NH3', 'b(CV)-NH3', 'y(CV)-H2O-NH3', 'a(M[Oxidation]T)-H2O-NH3']
186.08733	398.6	4/4	13.0%	186.08732	-0.05	b(AN)	['b(GQ)', 'b(AGG)', 'y(AN)-H2O', 'y(GQ)-H2O', 'y(AGG)-H2O', 'a(GSS)-H2O']
186.12372	555.0	4/4	15.6%	186.1237	-0.11	b(GK)	['a(NV)', 'a(AAA)', 'a(GGV)', 'y(GK)-H2O']
186.16824	94.3	2/4	4.8%	?	?	?	?
187.07131	485.5	4/4	16.9%	187.07133	0.11	b(AD)	['b(EG)', 'y(AD)-H2O', 'y(AN)-NH3', 'y(EG)-H2O', 'y(GQ)-NH3', 'y(AGG)-NH3', 'a(GSS)-NH3']
187.08671	181.8	3/4	4.6%	187.08659	-0.64	IW+CO	['b(W)', 'y(W)-H2O', 'b(FG)-H2O']
187.1077	888.9	4/4	22.0%	187.10772	0.11	y(AP)	['a(DV)', 'b(SV)', 'y(GK)-NH3', 'y(SV)-H2O']
187.14411	1061.5	4/4	24.6%	187.1441	-0.05	a(IT)	['a(LT)']
188.14744	88.6	1/4	4.3%	?	?	?	?
189.06925	67.4	1/4	3.1%	189.06923	-0.11	b(GM)	['y(GM)-H2O', 'a(M[Oxidation]S)-H2O']
189.08695	433.2	4/4	12.1%	189.08698	0.16	a(DT)	['a(ES)', 'b(ST)', 'y(ST)-H2O']
191.08483	100.4	3/4	2.4%	191.08488	0.26	a(AM[Oxidation])	['a(MS)']
191.1179	247.6	4/4	5.3%	191.11789	-0.05	a(AF)	['b(KP)-H2O-NH3', 'a(GPV)-H2O-NH3']
192.07673	1220.0	1/4	31.9%	192.07675	0.1	b(AH)-NH3	['y(AH)-H2O-NH3']
193.09717	170.4	4/4	4.9%	193.09715	-0.1	a(GY)	['b(IN)-H2O-NH3', 'b(LN)-H2O-NH3', 'b(QV)-H2O-NH3', 'a(APS)-H2O-NH3', 'b(AGV)-H2O-NH3', 'a(GPT)-H2O-NH3', 'b(GGI)-H2O-NH3', 'b(GGL)-H2O-NH3']
194.03044	276.1	1/4	0.8%	194.03087	2.22	C6H4N5O3	[]
195.07626	186.3	3/4	11.7%	195.07642	0.82	b(DP)-H2O	['a(EQ)-H2O-NH3', 'b(NP)-NH3', 'y(NP)-H2O-NH3', 'b(QT)-H2O-NH3', 'a(AAD)-H2O-NH3', 'a(AEG)-H2O-NH3', 'b(AAS)-H2O-NH3', 'b(AGT)-H2O-NH3', 'b(GGP)-NH3', 'y(GGP)-H2O-NH3']
195.08783	161.8	4/4	8.7%	195.08765	-0.92	b(GH)	['y(GH)-H2O']
195.11267	52.9	1/4	6.1%	195.1128	0.67	b(PP)	['a(EK)-H2O-NH3', 'b(KT)-H2O-NH3', 'y(PP)-H2O', 'a(AAP)-NH3', 'a(ASV)-H2O-NH3', 'a(GIS)-H2O-NH3', 'a(GLS)-H2O-NH3', 'a(GTV)-H2O-NH3']
196.14445	117.3	2/4	4.6%	196.14444	-0.05	a(IQ)-H2O	['a(LQ)-H2O', 'a(AAV)-H2O', 'a(AGI)-H2O', 'a(AGL)-H2O']
197.12849	1357.7	4/4	36.7%	197.12845	-0.2	b(PV)	['a(EI)-H2O', 'a(EL)-H2O', 'a(IQ)-NH3', 'b(IT)-H2O', 'a(LQ)-NH3', 'b(LT)-H2O', 'y(PV)-H2O', 'a(AAV)-NH3', 'a(AGI)-NH3', 'a(AGL)-NH3']
197.1647	62.1	1/4	4.3%	197.16484	0.71	a(IK)-NH3	['a(KL)-NH3']
198.08731	172.8	4/4	7.1%	198.08732	0.05	a(DQ)-H2O	['a(EN)-H2O', 'a(NQ)-NH3', 'b(NT)-H2O', 'b(QS)-H2O', 'a(ADG)-H2O', 'a(AGN)-NH3', 'b(AGS)-H2O', 'a(EGG)-H2O', 'a(GGQ)-NH3', 'b(GGT)-H2O']
198.12374	60.4	1/4	5.8%	198.1237	-0.2	a(PQ)	['a(AGP)', 'a(DK)-H2O', 'a(KN)-NH3', 'b(KS)-H2O', 'a(AAT)-H2O', 'a(GGK)-NH3', 'a(GSV)-H2O']
198.13165	37.3	1/4	3.2%	?	?	?	?
199.07132	322.1	4/4	16.0%	199.07133	0.05	a(DE)-H2O	['a(DQ)-NH3', 'b(DT)-H2O', 'a(EN)-NH3', 'b(ES)-H2O', 'b(NT)-NH3', 'y(NT)-H2O-NH3', 'b(QS)-NH3', 'y(QS)-H2O-NH3', 'a(ADG)-NH3', 'b(AGS)-NH3', 'y(AGS)-H2O-NH3', 'a(EGG)-NH3', 'b(GGT)-NH3', 'y(GGT)-H2O-NH3', 'a(SSS)-H2O-NH3']
199.10771	401.1	4/4	15.2%	199.10772	0.05	a(EP)	['b(PT)', 'a(DK)-NH3', 'b(KS)-NH3', 'y(KS)-H2O-NH3', 'y(PT)-H2O', 'a(AAT)-NH3', 'a(GSV)-NH3']
199.14412	529.0	4/4	9.5%	199.1441	-0.1	b(VV)	['y(VV)-H2O']
199.18052	1202.0	4/4	24.0%	199.18049	-0.15	a(II)	['a(IL)', 'a(LL)']
200.10303	268.1	4/4	9.3%	200.10297	-0.3	b(AQ)	['b(AAG)', 'y(AQ)-H2O', 'a(ASS)-H2O', 'y(AAG)-H2O', 'a(GST)-H2O']
200.13934	675.9	4/4	21.2%	200.13935	0.05	b(AK)	['a(IN)', 'a(LN)', 'a(QV)', 'a(AGV)', 'a(GGI)', 'a(GGL)', 'y(AK)-H2O']
200.18377	149.1	1/4	7.5%	?	?	?	?
201.08706	364.6	4/4	13.3%	201.08698	-0.4	b(AE)	['y(AE)-H2O', 'y(AQ)-NH3', 'a(ASS)-NH3', 'y(AAG)-NH3', 'a(GST)-NH3']
201.10526	69.3	1/4	4.3%	201.10561	1.74	a(MP)	['a(M[Oxidation]V)-H2O']
201.12338	2671.6	4/4	50.0%	201.12337	-0.05	a(DI)	['a(DL)', 'a(EV)', 'b(IS)', 'b(LS)', 'b(TV)', 'y(AK)-NH3', 'y(IS)-H2O', 'y(LS)-H2O', 'y(TV)-H2O']
202.08226	159.8	4/4	6.0%	202.08223	-0.15	a(DN)	['b(NS)', 'a(DGG)', 'b(GGS)', 'y(NS)-H2O', 'y(GGS)-H2O']
202.12655	100.7	3/4	7.8%	?	?	?	?
203.06622	140.7	4/4	5.5%	203.06625	0.15	a(DD)	['b(DS)', 'y(DS)-H2O', 'y(NS)-NH3', 'y(GGS)-NH3']
203.08482	97.9	3/4	3.8%	203.08488	0.3	b(AM)	['b(CV)', 'y(AM)-H2O', 'y(CV)-H2O', 'a(M[Oxidation]T)-H2O']
203.10261	271.7	4/4	9.9%	203.10263	0.1	a(ET)	['y(PS)', 'b(TT)', 'y(TT)-H2O']
203.12122	128.1	3/4	3.0%	203.12126	0.2	a(MV)	[]
204.13431	671.5	4/4	18.1%	204.13427	-0.2	y(GK)	[]
205.09721	173.5	3/4	4.7%	205.09715	-0.29	y(W)	['b(FG)', 'y(FG)-H2O', 'a(SY)-H2O', 'b(AAP)-H2O-NH3']
207.1128	618.3	4/4	15.8%	207.1128	0.0	a(AY)	['a(FS)', 'b(IQ)-H2O-NH3', 'b(LQ)-H2O-NH3', 'a(APT)-H2O-NH3', 'b(AAV)-H2O-NH3', 'b(AGI)-H2O-NH3', 'b(AGL)-H2O-NH3', 'a(GPP)-NH3']
207.12394	102.0	1/4	6.1%	207.12404	0.48	a(HP)	[]
209.09192	139.5	3/4	9.5%	209.09207	0.72	b(DK)-H2O-NH3	['b(EP)-H2O', 'b(PQ)-NH3', 'y(PQ)-H2O-NH3', 'a(AAE)-H2O-NH3', 'b(AAT)-H2O-NH3', 'b(AGP)-NH3', 'y(AGP)-H2O-NH3', 'a(DGV)-H2O-NH3', 'b(GSV)-H2O-NH3', 'a(PSS)-H2O-NH3']
209.10343	110.1	3/4	23.3%	209.1033	-0.62	b(AH)	['y(AH)-H2O', 'a(DR)-H2O-NH3', 'b(RS)-H2O-NH3']
209.13973	106.2	3/4	9.4%	209.13969	-0.19	a(HV)	['a(PR)-NH3']
210.02534	2552.2	1/4	8.9%	210.02578	2.09	C6H4N5O4	[]
210.10695	150.0	1/4	11.0%	?	?	?	?
211.10768	167.9	4/4	7.9%	211.10772	0.19	b(DI)-H2O	['b(DL)-H2O', 'b(EV)-H2O', 'b(IN)-NH3', 'y(IN)-H2O-NH3', 'b(LN)-NH3', 'y(LN)-H2O-NH3', 'b(QV)-NH3', 'y(QV)-H2O-NH3', 'a(APS)-NH3', 'a(ATT)-H2O-NH3', 'b(AGV)-NH3', 'y(AGV)-H2O-NH3', 'a(GPT)-NH3', 'b(GGI)-NH3', 'b(GGL)-NH3', 'y(GGI)-H2O-NH3', 'y(GGL)-H2O-NH3', 'a(SSV)-H2O-NH3']
211.14407	531.5	4/4	15.0%	211.1441	0.14	b(IP)	['b(LP)', 'y(IP)-H2O', 'b(KV)-NH3', 'y(KV)-H2O-NH3', 'y(LP)-H2O', 'a(AAI)-NH3', 'a(AAL)-NH3', 'a(GVV)-NH3']
212.04098	837.2	1/4	2.3%	212.04143	2.12	C6H6N5O4	[]
212.10294	510.9	4/4	19.5%	212.10297	0.14	b(NP)	['b(GGP)', 'a(EQ)-H2O', 'y(NP)-H2O', 'a(QQ)-NH3', 'b(QT)-H2O', 'a(AAD)-H2O', 'a(AAN)-NH3', 'a(AEG)-H2O', 'a(AGQ)-NH3', 'b(AAS)-H2O', 'b(AGT)-H2O', 'y(GGP)-H2O']
212.13928	112.3	1/4	8.3%	212.13935	0.33	a(AAP)	['a(EK)-H2O', 'a(KQ)-NH3', 'b(KT)-H2O', 'a(AGK)-NH3', 'a(ASV)-H2O', 'a(GIS)-H2O', 'a(GLS)-H2O', 'a(GTV)-H2O']
213.08693	447.0	4/4	20.0%	213.08698	0.23	b(DP)	['y(DP)-H2O', 'a(EE)-H2O', 'a(EQ)-NH3', 'b(ET)-H2O', 'y(NP)-NH3', 'b(QT)-NH3', 'y(QT)-H2O-NH3', 'a(AAD)-NH3', 'a(AEG)-NH3', 'b(AAS)-NH3', 'b(AGT)-NH3', 'y(AAS)-H2O-NH3', 'y(AGT)-H2O-NH3', 'y(GGP)-NH3', 'a(SST)-H2O-NH3']
213.15974	605.4	4/4	16.2%	213.15975	0.05	b(IV)	['b(LV)', 'y(IV)-H2O', 'y(LV)-H2O']
214.09746	471.8	1/4	7.5%	?	?	?	?
214.11858	229.3	4/4	7.6%	214.11862	0.19	b(NV)	['b(AAA)', 'a(GPS)', 'b(GGV)', 'y(NV)-H2O', 'a(AST)-H2O', 'y(AAA)-H2O', 'a(GTT)-H2O', 'y(GGV)-H2O']
214.15497	163.2	4/4	5.1%	214.155	0.14	a(IQ)	['a(LQ)', 'a(AAV)', 'a(AGI)', 'a(AGL)']
215.10267	258.9	4/4	8.9%	215.10263	-0.19	b(DV)	['y(DV)-H2O', 'y(NV)-NH3', 'a(AST)-NH3', 'y(AAA)-NH3', 'a(GTT)-NH3', 'y(GGV)-NH3']
215.13905	1385.8	4/4	36.3%	215.13902	-0.14	a(EI)	['a(EL)', 'b(IT)', 'b(LT)', 'y(PV)', 'y(IT)-H2O', 'y(LT)-H2O']
216.08801	197.0	1/4	2.8%	?	?	?	?
216.09788	381.8	4/4	14.6%	216.09788	0.0	a(DQ)	['a(EN)', 'b(NT)', 'b(QS)', 'a(ADG)', 'b(AGS)', 'a(EGG)', 'b(GGT)', 'y(NT)-H2O', 'y(QS)-H2O', 'y(AGS)-H2O', 'y(GGT)-H2O', 'a(SSS)-H2O']
216.1344	101.1	3/4	7.3%	216.13427	-0.6	a(DK)	['b(KS)', 'a(AAT)', 'a(GSV)', 'y(KS)-H2O']
216.14194	71.0	1/4	5.3%	?	?	?	?
217.08183	397.0	4/4	15.3%	217.0819	0.32	a(DE)	['b(DT)', 'b(ES)', 'y(DT)-H2O', 'y(ES)-H2O', 'y(NT)-NH3', 'y(QS)-NH3', 'y(AGS)-NH3', 'y(GGT)-NH3', 'a(SSS)-NH3', 'a(MM)-H2O']
217.13364	290.0	1/4	0.7%	217.13354	-0.46	a(FP)	['a(VY)-H2O']
217.1369	334.3	2/4	5.0%	217.13691	0.05	a(IM)	['a(LM)']
218.05945	138.5	1/4	0.4%	218.05939	-0.28	b(CN)	['b(C[Carbamidomethyl]G)', 'b(CGG)', 'y(CN)-H2O', 'y(C[Carbamidomethyl]G)-H2O', 'y(CGG)-H2O']
218.14997	470.7	4/4	14.6%	218.14992	-0.23	y(AK)	[]
219.07984	99.1	3/4	4.8%	219.07979	-0.23	b(AM[Oxidation])	['y(CP)', 'a(DM)', 'b(MS)', 'y(AM[Oxidation])-H2O', 'y(MS)-H2O']
219.11285	168.1	4/4	5.2%	219.1128	-0.23	b(AF)	['y(AF)-H2O', 'a(TY)-H2O', 'b(GPV)-H2O-NH3', 'a(PPS)-H2O-NH3']
219.14926	233.1	4/4	5.6%	219.14919	-0.32	a(FV)	['a(AIP)-H2O-NH3', 'a(ALP)-H2O-NH3']
221.09206	97.9	2/4	4.5%	221.09207	0.05	b(GY)	['y(GY)-H2O', 'a(ADP)-H2O-NH3', 'b(APS)-H2O-NH3', 'a(EGP)-H2O-NH3', 'b(GPT)-H2O-NH3']
221.10327	132.1	1/4	7.1%	221.1033	0.14	a(EH)-H2O	['a(HQ)-NH3', 'b(HT)-H2O', 'a(AGH)-NH3']
221.12845	195.3	3/4	5.0%	221.12845	0.0	a(FT)	['a(APP)-NH3', 'b(AAI)-H2O-NH3', 'b(AAL)-H2O-NH3', 'b(GVV)-H2O-NH3', 'a(PSV)-H2O-NH3']
223.10771	207.1	4/4	6.3%	223.10772	0.04	y(FG)	['a(SY)', 'b(EK)-H2O-NH3', 'a(ADV)-H2O-NH3', 'b(AAP)-NH3', 'b(ASV)-H2O-NH3', 'y(AAP)-H2O-NH3', 'a(DGI)-H2O-NH3', 'a(DGL)-H2O-NH3', 'a(EGV)-H2O-NH3', 'b(GIS)-H2O-NH3', 'b(GLS)-H2O-NH3', 'b(GTV)-H2O-NH3', 'a(PST)-H2O-NH3']
223.15539	209.3	3/4	10.6%	223.15534	-0.22	a(HI)	['a(HL)']
224.13929	63.9	1/4	3.3%	224.13935	0.27	a(GPP)	['b(IQ)-H2O', 'b(LQ)-H2O', 'a(AKS)-H2O-NH3', 'a(APT)-H2O', 'b(AAV)-H2O', 'b(AGI)-H2O', 'b(AGL)-H2O', 'a(GKT)-H2O-NH3']
225.0983	157.9	4/4	6.9%	225.09822	-0.36	a(DH)	['b(HS)', 'y(HS)-H2O', 'b(NQ)-H2O', 'b(AGN)-H2O', 'b(GGQ)-H2O']
225.12321	211.3	3/4	14.8%	225.12337	0.71	b(EI)-H2O	['b(EL)-H2O', 'b(IQ)-NH3', 'y(IQ)-H2O-NH3', 'b(LQ)-NH3', 'y(LQ)-H2O-NH3', 'a(APT)-NH3', 'b(AAV)-NH3', 'b(AGI)-NH3', 'b(AGL)-NH3', 'y(AAV)-H2O-NH3', 'y(AGI)-H2O-NH3', 'y(AGL)-H2O-NH3', 'a(ISS)-H2O-NH3', 'a(LSS)-H2O-NH3', 'a(STV)-H2O-NH3']
226.08209	143.7	3/4	10.1%	226.08223	0.62	b(DQ)-H2O	['b(EN)-H2O', 'y(HS)-NH3', 'b(NQ)-NH3', 'y(NQ)-H2O-NH3', 'b(ADG)-H2O', 'b(AGN)-NH3', 'y(AGN)-H2O-NH3', 'b(EGG)-H2O', 'b(GGQ)-NH3', 'y(GGQ)-H2O-NH3', 'a(NSS)-H2O-NH3']
226.11863	546.7	4/4	25.1%	226.11862	-0.04	b(PQ)	['b(AGP)', 'b(DK)-H2O', 'b(KN)-NH3', 'y(KN)-H2O-NH3', 'y(PQ)-H2O', 'a(AAE)-H2O', 'a(AAQ)-NH3', 'b(AAT)-H2O', 'y(AGP)-H2O', 'a(DGV)-H2O', 'a(GNV)-NH3', 'b(GGK)-NH3', 'b(GSV)-H2O', 'y(GGK)-H2O-NH3', 'a(PSS)-H2O']
226.15495	197.6	3/4	14.1%	226.155	0.22	b(KP)	['a(GPV)', 'y(KP)-H2O', 'a(AAK)-NH3', 'a(AIS)-H2O', 'a(ALS)-H2O', 'a(ATV)-H2O', 'a(GIT)-H2O', 'a(GLT)-H2O']
227.06611	91.6	2/4	6.3%	227.06625	0.62	b(DE)-H2O	['b(DQ)-NH3', 'y(DQ)-H2O-NH3', 'b(EN)-NH3', 'y(EN)-H2O-NH3', 'b(ADG)-NH3', 'y(ADG)-H2O-NH3', 'a(DSS)-H2O-NH3', 'b(EGG)-NH3', 'y(EGG)-H2O-NH3', 'b(SSS)-H2O-NH3']
227.1026	317.2	4/4	11.3%	227.10263	0.13	b(EP)	['b(DK)-NH3', 'y(DK)-H2O-NH3', 'y(EP)-H2O', 'y(PQ)-NH3', 'a(AAE)-NH3', 'b(AAT)-NH3', 'y(AAT)-H2O-NH3', 'y(AGP)-NH3', 'a(DGV)-NH3', 'b(GSV)-NH3', 'y(GSV)-H2O-NH3', 'a(PSS)-NH3', 'a(STT)-H2O-NH3']
227.17541	504.8	4/4	13.6%	227.1754	-0.04	b(II)	['b(IL)', 'b(LL)', 'y(II)-H2O', 'y(IL)-H2O', 'y(LL)-H2O']
228.13428	652.2	4/4	22.1%	228.13427	-0.04	b(IN)	['b(LN)', 'b(QV)', 'a(APS)', 'b(AGV)', 'a(GPT)', 'b(GGI)', 'b(GGL)', 'y(IN)-H2O', 'y(LN)-H2O', 'y(QV)-H2O', 'a(ATT)-H2O', 'y(AGV)-H2O', 'a(GKS)-NH3', 'y(GGI)-H2O', 'y(GGL)-H2O', 'a(SSV)-H2O']
229.11829	733.1	4/4	22.4%	229.11828	-0.04	b(DI)	['b(DL)', 'b(EV)', 'y(DI)-H2O', 'y(DL)-H2O', 'y(EV)-H2O', 'y(IN)-NH3', 'y(LN)-NH3', 'y(QV)-NH3', 'a(ATT)-NH3', 'y(AGV)-NH3', 'y(GGI)-NH3', 'y(GGL)-NH3', 'a(SSV)-NH3']
229.1296	103.0	1/4	6.6%	229.12952	-0.35	a(QQ)	['a(AAN)', 'a(AGQ)', 'y(AR)-NH3']
230.07717	143.1	3/4	4.1%	230.07715	-0.09	b(DN)	['b(DGG)', 'y(DN)-H2O', 'y(NN)-NH3', 'y(DGG)-H2O', 'y(GGN)-NH3']
230.11355	190.9	4/4	9.2%	230.11353	-0.09	a(EQ)	['y(NP)', 'b(QT)', 'a(AAD)', 'a(AEG)', 'b(AAS)', 'b(AGT)', 'y(GGP)', 'y(QT)-H2O', 'y(AAS)-H2O', 'y(AGT)-H2O', 'a(SST)-H2O']
230.14991	77.2	3/4	5.4%	230.14992	0.04	a(EK)	['b(KT)', 'a(ASV)', 'a(GIS)', 'a(GLS)', 'a(GTV)', 'y(KT)-H2O']
231.09749	175.6	4/4	8.0%	231.09755	0.26	y(DP)	['a(EE)', 'b(ET)', 'y(ET)-H2O', 'y(QT)-NH3', 'y(AAS)-NH3', 'y(AGT)-NH3', 'a(SST)-NH3']
231.11286	185.8	2/4	3.2%	231.1128	-0.26	a(EF)-H2O	['a(FQ)-NH3', 'b(FT)-H2O', 'a(AFG)-NH3', 'b(APP)-H2O-NH3']
232.14042	228.1	4/4	7.4%	232.14042	0.0	y(GR)	[]
233.05739	170.5	1/4	11.6%	?	?	?	?
233.09528	87.9	1/4	7.7%	233.09544	0.69	a(EM)	['b(MT)', 'y(CK)-NH3', 'y(MT)-H2O']
233.12843	94.0	3/4	3.0%	233.12845	0.09	a(PY)	['b(APV)-H2O-NH3', 'b(GIP)-H2O-NH3', 'b(GLP)-H2O-NH3', 'a(PPT)-H2O-NH3']
233.16488	426.3	4/4	9.7%	233.16484	-0.17	a(FI)	['a(FL)', 'a(PVV)-H2O-NH3']
234.02294	175.1	1/4	0.5%	234.0231	0.68	C4N11O2	[]
234.12361	98.3	2/4	5.1%	234.1237	0.38	a(FN)	['a(FGG)', 'b(HI)-NH3', 'b(HL)-NH3', 'y(HI)-H2O-NH3', 'y(HL)-H2O-NH3', 'a(APQ)-H2O-NH3', 'b(GPP)-H2O']
234.14487	378.8	4/4	12.3%	234.14483	-0.17	y(KS)	[]
234.16813	79.1	1/4	4.1%	?	?	?	?
235.10771	365.5	4/4	11.3%	235.10772	0.04	b(AY)	['a(DF)', 'b(FS)', 'y(AY)-H2O', 'y(FS)-H2O', 'a(AEP)-H2O-NH3', 'b(APT)-H2O-NH3', 'b(GPP)-NH3', 'y(GPP)-H2O-NH3']
235.11903	64.9	3/4	12.2%	235.11895	-0.34	b(HP)	['y(HP)-H2O', 'a(AAH)-NH3']
235.14417	171.1	3/4	6.9%	235.1441	-0.3	a(VY)	['b(AVV)-H2O-NH3', 'b(GIV)-H2O-NH3', 'b(GLV)-H2O-NH3', 'a(IPS)-H2O-NH3', 'a(LPS)-H2O-NH3', 'a(PTV)-H2O-NH3']
237.12335	205.9	4/4	5.1%	237.12337	0.08	y(AF)	['a(TY)', 'a(ADI)-H2O-NH3', 'a(ADL)-H2O-NH3', 'a(AEV)-H2O-NH3', 'b(AIS)-H2O-NH3', 'b(ALS)-H2O-NH3', 'b(ATV)-H2O-NH3', 'a(EGI)-H2O-NH3', 'a(EGL)-H2O-NH3', 'b(GIT)-H2O-NH3', 'b(GLT)-H2O-NH3', 'b(GPV)-NH3', 'y(GPV)-H2O-NH3', 'a(PPS)-NH3', 'a(PTT)-H2O-NH3']
237.13464	143.6	4/4	8.4%	237.1346	-0.17	b(HV)	['y(HV)-H2O', 'b(PR)-NH3', 'y(PR)-H2O-NH3', 'a(ANP)-H2O', 'a(GKN)-H2O-NH3', 'a(GPQ)-H2O']
239.11385	143.1	3/4	10.9%	239.11387	0.08	a(EH)	['b(HT)', 'y(HT)-H2O', 'b(QQ)-H2O', 'b(AAN)-H2O', 'b(AGQ)-H2O']
240.09769	202.5	3/4	14.8%	240.09788	0.79	b(EQ)-H2O	['y(HT)-NH3', 'b(QQ)-NH3', 'y(QQ)-H2O-NH3', 'b(AAD)-H2O', 'b(AAN)-NH3', 'b(AEG)-H2O', 'b(AGQ)-NH3', 'y(AAN)-H2O-NH3', 'y(AGQ)-H2O-NH3', 'a(NST)-H2O-NH3', 'a(QSS)-H2O-NH3']
240.13422	389.2	4/4	23.1%	240.13427	0.21	b(AAP)	['b(EK)-H2O', 'b(KQ)-NH3', 'y(KQ)-H2O-NH3', 'a(ADV)-H2O', 'a(ANV)-NH3', 'b(AGK)-NH3', 'b(ASV)-H2O', 'y(AAP)-H2O', 'y(AGK)-H2O-NH3', 'a(DGI)-H2O', 'a(DGL)-H2O', 'a(EGV)-H2O', 'a(GIN)-NH3', 'a(GLN)-NH3', 'a(GQV)-NH3', 'b(GIS)-H2O', 'b(GLS)-H2O', 'b(GTV)-H2O', 'a(KSS)-H2O-NH3', 'a(PST)-H2O']
241.08177	141.3	4/4	8.9%	241.0819	0.54	b(EE)-H2O	['b(EQ)-NH3', 'y(EQ)-H2O-NH3', 'b(AAD)-NH3', 'b(AEG)-NH3', 'y(AAD)-H2O-NH3', 'y(AEG)-H2O-NH3', 'a(DST)-H2O-NH3', 'a(ESS)-H2O-NH3', 'b(SST)-H2O-NH3']
242.11349	70.0	1/4	4.5%	242.11353	0.17	a(DGP)	['b(GPS)', 'a(ADT)-H2O', 'a(AES)-H2O', 'a(ANT)-NH3', 'a(AQS)-NH3', 'b(AST)-H2O', 'a(EGT)-H2O', 'a(GQT)-NH3', 'b(GTT)-H2O', 'y(GPS)-H2O']
242.14988	490.4	4/4	18.8%	242.14992	0.17	b(IQ)	['b(LQ)', 'a(APT)', 'b(AAV)', 'b(AGI)', 'b(AGL)', 'y(IQ)-H2O', 'y(LQ)-H2O', 'a(AKS)-NH3', 'y(AAV)-H2O', 'y(AGI)-H2O', 'y(AGL)-H2O', 'a(GKT)-NH3', 'a(ISS)-H2O', 'a(LSS)-H2O', 'a(STV)-H2O']
242.1862	129.6	3/4	9.0%	242.1863	0.41	b(IK)	['b(KL)', 'a(AVV)', 'a(GIV)', 'a(GLV)', 'y(IK)-H2O', 'y(KL)-H2O']
243.10874	125.7	1/4	7.9%	243.10878	0.16	y(HS)	['b(NQ)', 'b(AGN)', 'b(GGQ)', 'y(NQ)-H2O', 'y(AGN)-H2O', 'y(GGQ)-H2O', 'a(NSS)-H2O']
243.1339	441.8	4/4	17.1%	243.13393	0.12	b(EI)	['b(EL)', 'y(EI)-H2O', 'y(EL)-H2O', 'y(IQ)-NH3', 'y(LQ)-NH3', 'y(AAV)-NH3', 'y(AGI)-NH3', 'y(AGL)-NH3', 'a(ISS)-NH3', 'a(LSS)-NH3', 'a(STV)-NH3']
244.09278	325.4	4/4	12.9%	244.0928	0.08	b(DQ)	['b(EN)', 'b(ADG)', 'b(EGG)', 'y(DQ)-H2O', 'y(EN)-H2O', 'y(NQ)-NH3', 'y(ADG)-H2O', 'y(AGN)-NH3', 'a(DSS)-H2O', 'y(EGG)-H2O', 'y(GGQ)-NH3', 'a(NSS)-NH3', 'b(SSS)-H2O']
244.1293	135.7	4/4	8.1%	244.12918	-0.49	b(DK)	['y(PQ)', 'a(AAE)', 'b(AAT)', 'y(AGP)', 'a(DGV)', 'b(GSV)', 'a(PSS)', 'y(DK)-H2O', 'y(KN)-NH3', 'y(AAT)-H2O', 'y(GGK)-NH3', 'y(GSV)-H2O', 'a(STT)-H2O']
244.16559	759.0	4/4	24.8%	244.16557	-0.08	y(KP)	['a(AIS)', 'a(ALS)', 'a(ATV)', 'a(GIT)', 'a(GLT)']
245.07667	137.8	3/4	10.1%	245.07681	0.57	b(DE)	['y(DE)-H2O', 'y(DQ)-NH3', 'y(EN)-NH3', 'y(ADG)-NH3', 'a(DSS)-NH3', 'y(EGG)-NH3', 'b(SSS)-NH3', 'y(SSS)-H2O-NH3', 'b(MM)-H2O']
245.12851	206.6	1/4	0.7%	245.12845	-0.24	b(FP)	['y(FP)-H2O', 'b(VY)-H2O', 'a(AAF)-NH3']
245.16863	72.0	1/4	4.7%	?	?	?	?
246.15598	202.6	4/4	8.3%	246.15607	0.37	y(AR)	[]
246.18127	279.0	4/4	10.7%	246.18122	-0.2	y(KV)	[]
247.10759	71.7	2/4	5.3%	247.10772	0.53	a(EY)-H2O	['a(QY)-NH3', 'b(TY)-H2O', 'a(AGY)-NH3', 'a(DPP)-H2O-NH3', 'a(FGS)-NH3', 'b(PPS)-H2O-NH3']
247.14409	143.1	2/4	3.0%	247.1441	0.04	b(FV)	['y(FV)-H2O', 'a(KY)-NH3', 'b(AIP)-H2O-NH3', 'b(ALP)-H2O-NH3', 'a(PPP)-NH3']
248.16051	197.2	4/4	8.1%	248.16048	-0.12	y(KT)	[]
249.05226	337.4	1/4	21.5%	?	?	?	?
249.09814	124.8	2/4	7.0%	249.09822	0.32	b(EH)-H2O	['b(HQ)-NH3', 'y(HQ)-H2O-NH3', 'b(AGH)-NH3', 'y(AGH)-H2O-NH3', 'a(HSS)-H2O-NH3']
249.12341	218.3	4/4	7.2%	249.12337	-0.16	a(EF)	['b(FT)', 'y(FT)-H2O', 'b(APP)-NH3', 'y(APP)-H2O-NH3', 'a(DPV)-H2O-NH3', 'b(PSV)-H2O-NH3']
249.15976	324.0	4/4	9.9%	249.15975	-0.04	a(IY)	['a(LY)', 'b(AIV)-H2O-NH3', 'b(ALV)-H2O-NH3', 'b(GII)-H2O-NH3', 'b(GIL)-H2O-NH3', 'b(GLL)-H2O-NH3', 'a(IPT)-H2O-NH3', 'a(LPT)-H2O-NH3', 'a(PPV)-NH3']
250.11857	163.1	1/4	0.4%	250.11862	0.2	a(NY)	['a(GGY)', 'b(ANV)-H2O-NH3', 'b(GIN)-H2O-NH3', 'b(GLN)-H2O-NH3', 'b(GQV)-H2O-NH3', 'a(NPT)-H2O-NH3', 'a(PQS)-H2O-NH3']
251.06789	1050.1	1/4	53.6%	?	?	?	?
251.10264	219.2	4/4	7.5%	251.10263	-0.04	a(DY)	['b(SY)', 'y(SY)-H2O', 'b(ADV)-H2O-NH3', 'a(DPT)-H2O-NH3', 'b(DGI)-H2O-NH3', 'b(DGL)-H2O-NH3', 'a(EPS)-H2O-NH3', 'b(EGV)-H2O-NH3', 'b(PST)-H2O-NH3']
251.15022	251.7	4/4	13.1%	251.15025	0.12	b(HI)	['b(HL)', 'y(HI)-H2O', 'y(HL)-H2O', 'a(AKN)-H2O-NH3', 'a(APQ)-H2O', 'a(GKQ)-H2O-NH3']
252.06315	555.3	1/4	17.2%	?	?	?	?
252.07678	331.8	1/4	7.4%	?	?	?	?
252.10915	110.6	1/4	5.1%	252.10912	-0.12	b(HN)	['b(GGH)', 'y(HN)-H2O', 'y(GGH)-H2O']
253.09312	131.3	2/4	7.2%	253.09313	0.04	b(DH)	['y(DH)-H2O', 'y(HN)-NH3', 'y(GGH)-NH3', 'a(NNS)-H2O-NH3']
254.14988	166.9	4/4	7.3%	254.14992	0.16	b(GPV)	['a(PPS)', 'a(ADI)-H2O', 'a(ADL)-H2O', 'a(AEV)-H2O', 'a(AIN)-NH3', 'a(ALN)-NH3', 'a(AQV)-NH3', 'b(AAK)-NH3', 'b(AIS)-H2O', 'b(ALS)-H2O', 'b(ATV)-H2O', 'y(AAK)-H2O-NH3', 'a(EGI)-H2O', 'a(EGL)-H2O', 'a(GIQ)-NH3', 'a(GLQ)-NH3', 'b(GIT)-H2O', 'b(GLT)-H2O', 'y(GPV)-H2O', 'a(KST)-H2O-NH3', 'a(PTT)-H2O']
255.14514	104.4	3/4	10.9%	255.14517	0.12	y(HV)	['a(ANP)', 'a(GPQ)', 'y(PR)-NH3', 'a(AQT)-H2O', 'a(DGK)-H2O', 'a(GKN)-NH3', 'b(GKS)-H2O', 'a(NSV)-H2O']
256.12915	71.0	1/4	4.9%	256.12918	0.12	a(ADP)	['b(APS)', 'a(EGP)', 'b(GPT)', 'a(AET)-H2O', 'a(AQT)-NH3', 'b(ATT)-H2O', 'y(APS)-H2O', 'a(DGK)-NH3', 'a(DSV)-H2O', 'b(GKS)-NH3', 'y(GKS)-H2O-NH3', 'y(GPT)-H2O', 'a(NSV)-NH3', 'b(SSV)-H2O']
256.16555	73.8	1/4	4.2%	256.16557	0.08	b(AAI)	['b(AAL)', 'b(GVV)', 'a(PSV)', 'a(AKT)-NH3', 'y(AAI)-H2O', 'y(AAL)-H2O', 'y(GVV)-H2O', 'a(IST)-H2O', 'a(LST)-H2O', 'a(TTV)-H2O']
257.1245	58.0	2/4	5.3%	257.12443	-0.27	y(HT)	['b(QQ)', 'b(AAN)', 'b(AGQ)', 'y(QQ)-H2O', 'y(AAN)-H2O', 'y(AGQ)-H2O', 'a(NST)-H2O', 'a(QSS)-H2O']
257.16083	132.2	2/4	10.8%	257.16082	-0.04	b(KQ)	['a(ANV)', 'b(AGK)', 'a(GIN)', 'a(GLN)', 'a(GQV)', 'y(KQ)-H2O', 'y(RV)-NH3', 'y(AGK)-H2O', 'a(KSS)-H2O']
258.10856	163.1	4/4	8.0%	258.10845	-0.43	b(EQ)	['b(AAD)', 'b(AEG)', 'y(EQ)-H2O', 'y(QQ)-NH3', 'y(AAD)-H2O', 'y(AAN)-NH3', 'y(AEG)-H2O', 'y(AGQ)-NH3', 'a(DST)-H2O', 'a(ESS)-H2O', 'a(NST)-NH3', 'a(QSS)-NH3', 'b(SST)-H2O']
258.14472	513.6	4/4	24.8%	258.14483	0.43	b(EK)	['a(ADV)', 'b(ASV)', 'y(AAP)', 'a(DGI)', 'a(DGL)', 'a(EGV)', 'b(GIS)', 'b(GLS)', 'b(GTV)', 'a(PST)', 'y(EK)-H2O', 'y(KQ)-NH3', 'y(AGK)-NH3', 'y(ASV)-H2O', 'y(GIS)-H2O', 'y(GLS)-H2O', 'y(GTV)-H2O', 'a(KSS)-NH3', 'a(TTT)-H2O']
259.09238	107.9	3/4	5.5%	259.09246	0.31	b(EE)	['y(EE)-H2O', 'y(EQ)-NH3', 'y(AAD)-NH3', 'y(AEG)-NH3', 'a(DST)-NH3', 'a(ESS)-NH3', 'b(SST)-NH3', 'y(SST)-H2O-NH3']
259.09234	107.9	1/4	8.2%	259.09246	0.46	b(EE)	['y(EE)-H2O', 'y(EQ)-NH3', 'y(AAD)-NH3', 'y(AEG)-NH3', 'a(DST)-NH3', 'a(ESS)-NH3', 'b(SST)-NH3', 'y(SST)-H2O-NH3']
260.04095	1628.4	1/4	4.6%	260.04096	0.04	b(M[Oxidation]M[Oxidation])-H2O-NH3	[]
260.1064	69.3	2/4	4.7%	260.10634	-0.23	b(C[Carbamidomethyl]V)	['b(MQ)', 'b(AGM)', 'a(CPS)', 'b(CGV)', 'y(C[Carbamidomethyl]V)-H2O', 'y(MQ)-H2O', 'a(AM[Oxidation]S)-H2O', 'y(AGM)-H2O', 'a(CTT)-H2O', 'y(CGV)-H2O', 'a(GM[Oxidation]T)-H2O', 'a(MSS)-H2O', 'b(FF)-H2O-NH3']
260.19684	569.3	4/4	22.5%	260.19687	0.12	y(IK)	['y(KL)']
261.09039	75.9	1/4	4.7%	261.09035	-0.15	b(EM)	['y(C[Carbamidomethyl]V)-NH3', 'y(EM)-H2O', 'y(MQ)-NH3', 'a(AM[Oxidation]S)-NH3', 'y(AGM)-NH3', 'a(CTT)-NH3', 'y(CGV)-NH3', 'a(GM[Oxidation]T)-NH3', 'a(MSS)-NH3']
261.12337	213.1	1/4	0.8%	261.12337	0.0	b(PY)	['y(PY)-H2O', 'a(AAY)-NH3', 'a(AFS)-NH3', 'a(EPP)-H2O-NH3', 'a(FGT)-NH3', 'b(PPT)-H2O-NH3']
261.1266	151.3	1/4	17.2%	261.12674	0.54	b(IM[Oxidation])	['b(LM[Oxidation])', 'y(IM[Oxidation])-H2O', 'y(KM)-NH3', 'y(LM[Oxidation])-H2O']
261.15585	258.0	3/4	7.6%	261.15573	-0.46	y(KN)	['y(GGK)']
261.16504	237.9	1/4	0.0%	?	?	?	?
262.11869	123.2	2/4	2.6%	262.11862	-0.27	b(FN)	['y(GW)', 'b(FGG)', 'y(FN)-H2O', 'b(APQ)-H2O-NH3', 'y(FGG)-H2O', 'a(GSY)-H2O']
262.13981	140.5	3/4	6.9%	262.13975	-0.23	y(DK)	['y(AAT)', 'y(GSV)', 'a(STT)']
262.15108	122.5	3/4	5.5%	262.15098	-0.38	y(RS)	[]
263.10268	107.2	1/4	6.2%	263.10263	-0.19	b(DF)	['y(DF)-H2O', 'y(FN)-NH3', 'b(AEP)-H2O-NH3', 'y(FGG)-NH3', 'a(GSY)-NH3']
263.13902	120.9	1/4	6.1%	263.13902	0.0	y(FP)	['b(VY)', 'y(VY)-H2O', 'a(DIP)-H2O-NH3', 'a(DLP)-H2O-NH3', 'a(EPV)-H2O-NH3', 'b(IPS)-H2O-NH3', 'b(LPS)-H2O-NH3', 'b(PTV)-H2O-NH3']
265.11825	164.5	3/4	6.8%	265.11828	0.11	a(EY)	['b(TY)', 'y(TY)-H2O', 'b(ADI)-H2O-NH3', 'b(ADL)-H2O-NH3', 'b(AEV)-H2O-NH3', 'a(DPP)-NH3', 'a(EPT)-H2O-NH3', 'b(EGI)-H2O-NH3', 'b(EGL)-H2O-NH3', 'b(PPS)-NH3', 'b(PTT)-H2O-NH3', 'y(PPS)-H2O-NH3']
265.96025	372.0	1/4	1.2%	?	?	?	?
266.14993	167.2	1/4	0.5%	266.14992	-0.04	b(APP)	['a(AEK)-H2O-NH3', 'b(AKT)-H2O-NH3', 'y(APP)-H2O', 'a(DPV)-H2O', 'b(GKP)-NH3', 'y(GKP)-H2O-NH3', 'a(INT)-H2O-NH3', 'a(IQS)-H2O-NH3', 'a(LNT)-H2O-NH3', 'a(LQS)-H2O-NH3', 'a(NPV)-NH3', 'b(PSV)-H2O', 'a(QTV)-H2O-NH3']
267.10877	96.4	3/4	7.7%	267.10878	0.04	b(EH)	['y(EH)-H2O', 'y(HQ)-NH3', 'y(AGH)-NH3', 'a(HSS)-NH3', 'a(NNT)-H2O-NH3', 'a(NQS)-H2O-NH3']
268.16556	145.9	1/4	9.5%	268.16557	0.04	b(APV)	['b(GIP)', 'b(GLP)', 'a(PPT)', 'a(AEI)-H2O', 'a(AEL)-H2O', 'a(AIQ)-NH3', 'a(ALQ)-NH3', 'b(AIT)-H2O', 'b(ALT)-H2O', 'y(APV)-H2O', 'a(DVV)-H2O', 'b(GKV)-NH3', 'y(GIP)-H2O', 'y(GKV)-H2O-NH3', 'y(GLP)-H2O', 'a(KPS)-NH3', 'a(KTT)-H2O-NH3', 'a(NVV)-NH3', 'b(SVV)-H2O']
270.10851	64.1	1/4	5.2%	270.10845	-0.22	b(DGP)	['a(ADE)-H2O', 'a(ADQ)-NH3', 'a(AEN)-NH3', 'b(ADT)-H2O', 'b(AES)-H2O', 'b(ANT)-NH3', 'b(AQS)-NH3', 'y(ANT)-H2O-NH3', 'y(AQS)-H2O-NH3', 'y(DGP)-H2O', 'a(EEG)-H2O', 'a(EGQ)-NH3', 'b(EGT)-H2O', 'b(GQT)-NH3', 'y(GNP)-NH3', 'y(GQT)-H2O-NH3']
270.14486	183.1	2/4	3.8%	270.14483	-0.11	a(AEP)	['b(APT)', 'y(GPP)', 'a(ADK)-NH3', 'b(AKS)-NH3', 'y(AKS)-H2O-NH3', 'y(APT)-H2O', 'a(DIS)-H2O', 'a(DLS)-H2O', 'a(DTV)-H2O', 'a(EGK)-NH3', 'a(ESV)-H2O', 'b(GKT)-NH3', 'y(GKT)-H2O-NH3', 'a(INS)-NH3', 'b(ISS)-H2O', 'a(LNS)-NH3', 'b(LSS)-H2O', 'a(NTV)-NH3', 'a(QSV)-NH3', 'b(STV)-H2O']
270.18108	65.3	1/4	4.2%	270.18122	0.52	b(AVV)	['b(GIV)', 'b(GLV)', 'a(IPS)', 'a(LPS)', 'a(PTV)', 'y(AVV)-H2O', 'y(GIV)-H2O', 'y(GLV)-H2O', 'a(ITT)-H2O', 'a(KSV)-NH3', 'a(LTT)-H2O']
271.17649	94.8	2/4	9.7%	271.17647	-0.07	a(AIN)	['a(ALN)', 'a(AQV)', 'b(AAK)', 'a(GIQ)', 'a(GLQ)', 'y(IR)-NH3', 'y(LR)-NH3', 'y(AAK)-H2O', 'a(KST)-H2O']
272.12426	65.3	1/4	4.6%	272.1241	-0.59	b(AAE)	['a(DPS)', 'b(DGV)', 'b(PSS)', 'y(AAE)-H2O', 'y(AAQ)-NH3', 'a(DTT)-H2O', 'y(DGV)-H2O', 'a(EST)-H2O', 'y(GNV)-NH3', 'a(NTT)-NH3', 'y(PSS)-H2O', 'a(QST)-NH3', 'b(STT)-H2O']
272.17167	446.6	3/4	15.2%	272.17172	0.18	y(PR)	['a(GKN)']
273.1346	146.9	1/4	7.5%	273.1346	0.0	a(HY)	['a(NW)', 'a(GGW)', 'b(AHV)-H2O-NH3', 'a(FGN)-H2O', 'b(GHI)-H2O-NH3', 'b(GHL)-H2O-NH3', 'a(HPT)-H2O-NH3']
274.1197	79.2	1/4	0.5%	274.11862	-3.94	a(DW)	['b(SW)', 'b(QY)-H2O', 'y(SW)-H2O', 'b(AGY)-H2O', 'a(DFG)-H2O', 'a(FGN)-NH3', 'b(FGS)-H2O', 'b(NPP)-H2O-NH3']
274.18735	200.7	4/4	7.2%	274.18737	0.07	y(RV)	[]
275.17141	135.8	2/4	10.2%	275.17138	-0.11	y(KQ)	['y(AGK)', 'a(KSS)']
276.01806	189.9	1/4	0.4%	?	?	?	?
276.13416	75.4	1/4	5.0%	276.13427	0.4	y(AW)	['b(FQ)', 'b(AFG)', 'y(FQ)-H2O', 'a(ASY)-H2O', 'y(AFG)-H2O', 'a(FSS)-H2O', 'a(GTY)-H2O', 'b(NPV)-H2O-NH3']
276.15543	167.6	4/4	8.7%	276.1554	-0.11	y(EK)	['y(ASV)', 'y(GIS)', 'y(GLS)', 'y(GTV)', 'a(TTT)', 'b(HR)-H2O']
276.16672	145.7	2/4	3.8%	276.16663	-0.33	y(RT)	[]
277.11835	106.9	1/4	6.7%	277.11828	-0.25	b(EF)	['y(EF)-H2O', 'y(FQ)-NH3', 'a(ASY)-NH3', 'y(AFG)-NH3', 'b(DPV)-H2O-NH3', 'a(FSS)-NH3', 'a(GTY)-NH3']
277.15472	136.4	1/4	8.2%	277.15467	-0.18	b(IY)	['b(LY)', 'y(FK)-NH3', 'y(IY)-H2O', 'y(LY)-H2O', 'a(EIP)-H2O-NH3', 'a(ELP)-H2O-NH3', 'b(IPT)-H2O-NH3', 'b(LPT)-H2O-NH3', 'b(PPV)-NH3', 'y(PPV)-H2O-NH3']
278.15336	97.5	2/4	6.7%	278.15329	-0.25	y(KM)	[]
279.09757	69.0	3/4	3.0%	279.09755	-0.07	b(DY)	['y(DY)-H2O', 'y(NY)-NH3', 'a(DEP)-H2O-NH3', 'b(DPT)-H2O-NH3', 'b(EPS)-H2O-NH3', 'y(GGY)-NH3']
282.18119	131.8	2/4	9.8%	282.18122	0.11	b(AIP)	['b(ALP)', 'b(AKV)-NH3', 'y(AIP)-H2O', 'y(AKV)-H2O-NH3', 'y(ALP)-H2O', 'a(DIV)-H2O', 'a(DLV)-H2O', 'a(EVV)-H2O', 'b(GIK)-NH3', 'b(GKL)-NH3', 'y(GIK)-H2O-NH3', 'y(GKL)-H2O-NH3', 'a(INV)-NH3', 'b(ISV)-H2O', 'a(KPT)-NH3', 'a(LNV)-NH3', 'b(LSV)-H2O', 'a(QVV)-NH3', 'b(TVV)-H2O']
283.14405	51.2	1/4	3.5%	283.1441	0.18	a(FY)	['b(IW)-NH3', 'y(IW)-H2O-NH3', 'b(LW)-NH3', 'y(LW)-H2O-NH3', 'b(AFV)-H2O-NH3', 'a(FPT)-H2O-NH3', 'b(FGI)-H2O-NH3', 'b(FGL)-H2O-NH3']
284.12419	71.9	1/4	5.8%	284.1241	-0.32	b(ADP)	['b(EGP)', 'a(AEE)-H2O', 'a(AEQ)-NH3', 'b(AET)-H2O', 'b(AQT)-NH3', 'y(ADP)-H2O', 'y(ANP)-NH3', 'y(AQT)-H2O-NH3', 'a(DDV)-H2O', 'a(DNV)-NH3', 'b(DGK)-NH3', 'b(DSV)-H2O', 'y(DGK)-H2O-NH3', 'y(EGP)-H2O', 'y(GPQ)-NH3', 'b(NSV)-NH3', 'y(NSV)-H2O-NH3']
284.16057	104.9	2/4	2.9%	284.16048	-0.32	y(APP)	['a(DPV)', 'b(PSV)', 'a(AEK)-NH3', 'b(AKT)-NH3', 'y(AKT)-H2O-NH3', 'a(DIT)-H2O', 'a(DLT)-H2O', 'a(EIS)-H2O', 'a(ELS)-H2O', 'a(ETV)-H2O', 'y(GKP)-NH3', 'a(INT)-NH3', 'a(IQS)-NH3', 'b(IST)-H2O', 'a(LNT)-NH3', 'a(LQS)-NH3', 'b(LST)-H2O', 'y(PSV)-H2O', 'a(QTV)-NH3', 'b(TTV)-H2O']
284.1969	97.5	1/4	5.8%	284.19687	-0.11	b(AIV)	['b(ALV)', 'b(GII)', 'b(GIL)', 'b(GLL)', 'a(IPT)', 'a(LPT)', 'y(AIV)-H2O', 'y(ALV)-H2O', 'y(GII)-H2O', 'y(GIL)-H2O', 'y(GLL)-H2O', 'a(IKS)-NH3', 'a(KLS)-NH3', 'a(KTV)-NH3']
285.1557	100.4	1/4	6.2%	285.15573	0.11	b(ANV)	['b(GIN)', 'b(GLN)', 'b(GQV)', 'a(NPT)', 'a(PQS)', 'y(ANV)-H2O', 'a(DKS)-H2O', 'y(GIN)-H2O', 'y(GLN)-H2O', 'y(GQV)-H2O', 'a(KNS)-NH3', 'b(KSS)-H2O', 'a(QTT)-H2O']
286.13974	157.0	3/4	7.5%	286.13975	0.03	b(ADV)	['a(DPT)', 'b(DGI)', 'b(DGL)', 'a(EPS)', 'b(EGV)', 'b(PST)', 'y(ADV)-H2O', 'y(ANV)-NH3', 'a(DKS)-NH3', 'y(DGI)-H2O', 'y(DGL)-H2O', 'a(ETT)-H2O', 'y(EGV)-H2O', 'y(GIN)-NH3', 'y(GLN)-NH3', 'y(GQV)-NH3', 'b(KSS)-NH3', 'y(KSS)-H2O-NH3', 'y(PST)-H2O', 'a(QTT)-NH3', 'b(TTT)-H2O', 'a(GHH)-H2O']
288.20302	453.9	4/4	19.3%	288.20302	0.0	y(IR)	['y(LR)']
290.146	55.9	1/4	6.0%	290.1459	-0.34	y(DR)	[]
292.12929	82.0	1/4	5.6%	292.12918	-0.38	b(QY)	['y(SW)', 'b(AGY)', 'a(DFG)', 'b(FGS)', 'y(QY)-H2O', 'y(AGY)-H2O', 'b(DPP)-H2O', 'a(EPQ)-H2O-NH3', 'y(FGS)-H2O', 'b(NPP)-NH3', 'y(NPP)-H2O-NH3', 'b(PQT)-H2O-NH3', 'a(SSY)-H2O']
293.11312	61.8	2/4	4.9%	293.1132	0.27	b(EY)	['y(EY)-H2O', 'y(QY)-NH3', 'y(AGY)-NH3', 'b(DPP)-NH3', 'y(DPP)-H2O-NH3', 'a(EEP)-H2O-NH3', 'b(EPT)-H2O-NH3', 'y(FGS)-NH3', 'a(SSY)-NH3']
294.18128	167.6	4/4	6.9%	294.18122	-0.2	y(FK)	['b(PPV)', 'a(DIK)-H2O-NH3', 'a(DKL)-H2O-NH3', 'a(EIP)-H2O', 'a(EKV)-H2O-NH3', 'a(ELP)-H2O', 'a(IPQ)-NH3', 'b(IKS)-H2O-NH3', 'b(IPT)-H2O', 'b(KLS)-H2O-NH3', 'b(KTV)-H2O-NH3', 'a(LPQ)-NH3', 'b(LPT)-H2O', 'y(PPV)-H2O']
296.19686	70.7	1/4	5.6%	296.19687	0.03	b(PVV)	['b(AIK)-NH3', 'b(AKL)-NH3', 'y(AIK)-H2O-NH3', 'y(AKL)-H2O-NH3', 'a(DII)-H2O', 'a(DIL)-H2O', 'a(DLL)-H2O', 'a(EIV)-H2O', 'a(ELV)-H2O', 'a(IIN)-NH3', 'a(ILN)-NH3', 'a(IQV)-NH3', 'b(IIS)-H2O', 'b(ILS)-H2O', 'b(ITV)-H2O', 'a(LLN)-NH3', 'a(LQV)-NH3', 'b(LLS)-H2O', 'b(LTV)-H2O', 'y(PVV)-H2O']
297.15576	66.6	1/4	6.8%	297.15573	-0.1	b(APQ)	['b(ADK)-H2O', 'b(AKN)-NH3', 'y(AKN)-H2O-NH3', 'y(APQ)-H2O', 'a(DIN)-H2O', 'a(DLN)-H2O', 'a(DQV)-H2O', 'a(ENV)-H2O', 'b(EGK)-H2O', 'b(GKQ)-NH3', 'y(GKQ)-H2O-NH3', 'a(INN)-NH3', 'b(INS)-H2O', 'a(LNN)-NH3', 'b(LNS)-H2O', 'a(NQV)-NH3', 'b(NTV)-H2O', 'b(QSV)-H2O']
298.13984	90.6	1/4	7.5%	298.13975	-0.3	b(AEP)	['b(ADK)-NH3', 'y(ADK)-H2O-NH3', 'y(AEP)-H2O', 'y(APQ)-NH3', 'a(DDI)-H2O', 'a(DDL)-H2O', 'a(DEV)-H2O', 'a(DIN)-NH3', 'a(DLN)-NH3', 'a(DQV)-NH3', 'b(DIS)-H2O', 'b(DLS)-H2O', 'b(DTV)-H2O', 'a(ENV)-NH3', 'b(EGK)-NH3', 'b(ESV)-H2O', 'y(EGK)-H2O-NH3', 'b(INS)-NH3', 'y(INS)-H2O-NH3', 'b(LNS)-NH3', 'y(LNS)-H2O-NH3', 'b(NTV)-NH3', 'y(NTV)-H2O-NH3', 'b(QSV)-NH3', 'y(QSV)-H2O-NH3']
298.21258	233.0	1/4	0.7%	298.21252	-0.2	b(AII)	['b(AIL)', 'b(ALL)', 'b(VVV)', 'y(AII)-H2O', 'y(AIL)-H2O', 'y(ALL)-H2O', 'a(IKT)-NH3', 'a(KLT)-NH3', 'y(VVV)-H2O']
299.06173	173.3	3/4	3.6%	299.06309	4.55	a(CCH)-NH3	[]
299.17139	105.6	3/4	5.8%	299.17138	-0.03	b(AIN)	['b(ALN)', 'b(AQV)', 'b(GIQ)', 'b(GLQ)', 'a(PQT)', 'y(AIN)-H2O', 'y(ALN)-H2O', 'y(AQV)-H2O', 'a(DKT)-H2O', 'a(EKS)-H2O', 'y(GIQ)-H2O', 'y(GLQ)-H2O', 'a(KNT)-NH3', 'a(KQS)-NH3', 'b(KST)-H2O']
300.15546	168.4	2/4	5.3%	300.1554	-0.2	b(ADI)	['b(ADL)', 'b(AEV)', 'a(EPT)', 'b(EGI)', 'b(EGL)', 'b(PTT)', 'y(PPS)', 'y(ADI)-H2O', 'y(ADL)-H2O', 'y(AEV)-H2O', 'y(AIN)-NH3', 'y(ALN)-NH3', 'y(AQV)-NH3', 'a(DKT)-NH3', 'a(EKS)-NH3', 'y(EGI)-H2O', 'y(EGL)-H2O', 'y(GIQ)-NH3', 'y(GLQ)-NH3', 'b(KST)-NH3', 'y(KST)-H2O-NH3', 'y(PTT)-H2O', 'a(AHH)-H2O']
301.12945	128.1	2/4	7.1%	301.12952	0.23	b(HY)	['b(NW)', 'b(GGW)', 'y(HY)-H2O', 'y(NW)-H2O', 'a(EHP)-H2O-NH3', 'b(FGN)-H2O', 'y(GGW)-H2O', 'b(HPT)-H2O-NH3']
301.18706	259.2	2/4	10.9%	301.18703	-0.1	a(AEK)	['b(AKT)', 'y(GKP)', 'a(INT)', 'a(IQS)', 'a(LNT)', 'a(LQS)', 'a(QTV)', 'y(AKT)-H2O']
302.8893	1060.0	1/4	7.0%	?	?	?	?
302.93729	1120.2	1/4	6.8%	?	?	?	?
302.93527	550.4	1/4	4.7%	?	?	?	?
303.17746	74.2	2/4	6.8%	303.17753	0.23	y(QR)	['y(AGR)', 'a(RSS)']
304.1616	102.5	3/4	8.7%	304.16155	-0.16	y(ER)	[]
308.06419	194.5	1/4	8.7%	?	?	?	?
308.17169	696.3	1/4	31.1%	308.17172	0.1	b(AHV)	['b(GHI)', 'b(GHL)', 'a(HPT)', 'b(APR)-NH3', 'y(AHV)-H2O', 'y(APR)-H2O-NH3', 'a(DRV)-H2O-NH3', 'y(GHI)-H2O', 'y(GHL)-H2O', 'a(HKS)-NH3', 'a(KNQ)-H2O-NH3', 'a(PQQ)-H2O', 'b(RSV)-H2O-NH3']
310.17613	130.3	2/4	9.2%	310.17613	0.0	y(KY)	['y(PPP)', 'b(DIV)-H2O', 'b(DLV)-H2O', 'a(EKP)-NH3', 'b(EVV)-H2O', 'b(INV)-NH3', 'y(INV)-H2O-NH3', 'b(KPT)-NH3', 'y(KPT)-H2O-NH3', 'b(LNV)-NH3', 'y(LNV)-H2O-NH3', 'b(QVV)-NH3', 'y(QVV)-H2O-NH3']
310.21255	69.4	1/4	5.3%	310.21252	-0.1	b(IPV)	['b(LPV)', 'a(EII)-H2O', 'a(EIL)-H2O', 'a(ELL)-H2O', 'a(IIQ)-NH3', 'a(ILQ)-NH3', 'b(IIT)-H2O', 'b(ILT)-H2O', 'y(IPV)-H2O', 'b(KVV)-NH3', 'y(KVV)-H2O-NH3', 'a(LLQ)-NH3', 'b(LLT)-H2O', 'y(LPV)-H2O']
311.17146	129.4	2/4	4.5%	311.17138	-0.26	b(NPV)	['b(AEK)-H2O', 'b(AKQ)-NH3', 'y(AKQ)-H2O-NH3', 'a(DIQ)-H2O', 'a(DLQ)-H2O', 'a(EIN)-H2O', 'a(ELN)-H2O', 'a(EQV)-H2O', 'a(INQ)-NH3', 'b(INT)-H2O', 'b(IQS)-H2O', 'a(LNQ)-NH3', 'b(LNT)-H2O', 'b(LQS)-H2O', 'y(NPV)-H2O', 'a(QQV)-NH3', 'b(QTV)-H2O']
312.15529	85.6	1/4	7.7%	312.1554	0.35	b(DPV)	['b(AEK)-NH3', 'y(AEK)-H2O-NH3', 'a(DEI)-H2O', 'a(DEL)-H2O', 'a(DIQ)-NH3', 'a(DLQ)-NH3', 'b(DIT)-H2O', 'b(DLT)-H2O', 'y(DPV)-H2O', 'a(EEV)-H2O', 'a(EIN)-NH3', 'a(ELN)-NH3', 'a(EQV)-NH3', 'b(EIS)-H2O', 'b(ELS)-H2O', 'b(ETV)-H2O', 'b(INT)-NH3', 'b(IQS)-NH3', 'y(INT)-H2O-NH3', 'y(IQS)-H2O-NH3', 'b(LNT)-NH3', 'b(LQS)-NH3', 'y(LNT)-H2O-NH3', 'y(LQS)-H2O-NH3', 'y(NPV)-NH3', 'b(QTV)-NH3', 'y(QTV)-H2O-NH3']
312.16668	112.1	1/4	10.3%	312.16663	-0.16	y(GHV)	['a(HTT)', 'a(NPQ)', 'a(AER)-NH3', 'b(ART)-NH3', 'y(ART)-H2O-NH3', 'a(DKN)-H2O', 'y(GPR)-NH3', 'a(KNN)-NH3', 'b(KNS)-H2O', 'a(QQT)-H2O']
313.18719	74.4	1/4	6.5%	313.18703	-0.51	b(AIQ)	['b(ALQ)', 'a(DKP)', 'b(KPS)', 'b(NVV)', 'y(AIQ)-H2O', 'y(ALQ)-H2O', 'a(EKT)-H2O', 'a(KQT)-NH3', 'b(KTT)-H2O', 'y(KPS)-H2O', 'y(NVV)-H2O']
315.16648	80.9	1/4	7.5%	315.1663	-0.57	b(ADK)	['y(APQ)', 'a(DIN)', 'a(DLN)', 'a(DQV)', 'a(ENV)', 'b(EGK)', 'b(INS)', 'b(LNS)', 'b(NTV)', 'b(QSV)', 'y(ADK)-H2O', 'y(AKN)-NH3', 'y(EGK)-H2O', 'y(GKQ)-NH3', 'y(INS)-H2O', 'y(LNS)-H2O', 'y(NTV)-H2O', 'y(QSV)-H2O']
315.20273	182.1	1/4	0.6%	315.20268	-0.16	y(AKP)	['a(DKV)', 'a(IQT)', 'b(KSV)', 'a(LQT)', 'y(GKK)-NH3', 'y(KSV)-H2O']
317.21843	59.0	2/4	5.0%	317.21833	-0.32	y(AKV)	['y(GIK)', 'y(GKL)']
322.1874	102.3	3/4	6.4%	322.18737	-0.09	y(FR)	['b(AHI)', 'b(AHL)', 'y(AHI)-H2O', 'y(AHL)-H2O', 'a(DIR)-H2O-NH3', 'a(DLR)-H2O-NH3', 'a(ERV)-H2O-NH3', 'a(HKT)-NH3', 'b(IRS)-H2O-NH3', 'a(KQQ)-H2O-NH3', 'b(KNP)-H2O', 'b(LRS)-H2O-NH3', 'b(RTV)-H2O-NH3']
325.18717	85.4	1/4	8.2%	325.18703	-0.43	b(INP)	['b(LNP)', 'b(PQV)', 'b(DKV)-H2O', 'a(EIQ)-H2O', 'a(ELQ)-H2O', 'a(IQQ)-NH3', 'b(IQT)-H2O', 'y(INP)-H2O', 'b(KNV)-NH3', 'y(KNV)-H2O-NH3', 'a(LQQ)-NH3', 'b(LQT)-H2O', 'y(LNP)-H2O', 'y(PQV)-H2O']
326.17118	75.0	1/4	6.7%	326.17105	-0.4	b(DIP)	['b(DLP)', 'b(EPV)', 'b(DKV)-NH3', 'y(DIP)-H2O', 'y(DKV)-H2O-NH3', 'y(DLP)-H2O', 'a(EEI)-H2O', 'a(EEL)-H2O', 'a(EIQ)-NH3', 'a(ELQ)-NH3', 'b(EIT)-H2O', 'b(ELT)-H2O', 'y(EPV)-H2O', 'b(IQT)-NH3', 'y(INP)-NH3', 'y(IQT)-H2O-NH3', 'b(LQT)-NH3', 'y(LNP)-NH3', 'y(LQT)-H2O-NH3', 'y(PQV)-NH3', 'a(HHP)-H2O']
328.18667	209.3	1/4	9.7%	328.1867	0.09	b(DIV)	['b(DLV)', 'b(EVV)', 'y(DIV)-H2O', 'y(DLV)-H2O', 'y(EVV)-H2O', 'y(INV)-NH3', 'y(KPT)-NH3', 'y(LNV)-NH3', 'y(QVV)-NH3', 'a(HHV)-H2O', 'a(HPR)-H2O-NH3']
329.18212	68.9	1/4	6.8%	329.18195	-0.52	b(AEK)	['a(DIQ)', 'a(DLQ)', 'a(EIN)', 'a(ELN)', 'a(EQV)', 'b(INT)', 'b(IQS)', 'b(LNT)', 'b(LQS)', 'y(NPV)', 'b(QTV)', 'y(AEK)-H2O', 'y(AKQ)-NH3', 'y(INT)-H2O', 'y(IQS)-H2O', 'y(LNT)-H2O', 'y(LQS)-H2O', 'y(QTV)-H2O']
329.19326	317.8	1/4	21.5%	329.19318	-0.24	a(AER)	['b(ART)', 'y(GPR)', 'a(KNN)', 'y(ART)-H2O']
330.05973	109.4	1/4	7.3%	?	?	?	?
337.18701	225.6	1/4	0.7%	337.18703	0.06	b(DKK)-H2O-NH3	['b(EKP)-H2O', 'y(HVV)-NH3', 'b(KPQ)-NH3', 'y(KPQ)-H2O-NH3']
338.1822	73.8	2/4	6.6%	338.18228	0.24	y(RY)	['a(DHI)', 'a(DHL)', 'a(EHV)', 'b(HIS)', 'b(HLS)', 'b(HTV)', 'y(AHK)-NH3', 'a(EPR)-NH3', 'y(HIS)-H2O', 'y(HLS)-H2O', 'y(HTV)-H2O', 'b(INQ)-H2O', 'b(LNQ)-H2O', 'b(PRT)-NH3', 'y(PRT)-H2O-NH3', 'b(QQV)-H2O']
341.21848	90.8	1/4	7.4%	341.21833	-0.44	b(IIN)	['b(ILN)', 'b(IQV)', 'y(KPP)', 'b(LLN)', 'b(LQV)', 'a(EKK)-NH3', 'y(IIN)-H2O', 'y(ILN)-H2O', 'y(IQV)-H2O', 'b(KKT)-NH3', 'y(KKT)-H2O-NH3', 'y(LLN)-H2O', 'y(LQV)-H2O']
345.21333	57.7	1/4	2.4%	345.21325	-0.23	y(INV)	['y(KPT)', 'y(LNV)', 'y(QVV)', 'y(KKS)-NH3', 'a(HPR)-H2O']
357.17651	65.0	1/4	7.5%	357.17686	0.98	b(DIQ)	['b(DLQ)', 'b(EIN)', 'b(ELN)', 'b(EQV)', 'y(DIQ)-H2O', 'y(DLQ)-H2O', 'y(EIN)-H2O', 'y(ELN)-H2O', 'y(EQV)-H2O', 'y(INQ)-NH3', 'y(LNQ)-NH3', 'y(QQV)-NH3', 'a(HHQ)-H2O']
359.02837	340.3	3/4	4.7%	?	?	?	?
359.24013	150.1	1/4	8.2%	359.24013	0.0	y(AIR)	['y(ALR)']
360.029	116.5	2/4	4.1%	?	?	?	?
361.02646	80.0	2/4	3.2%	?	?	?	?
361.19827	117.9	1/4	7.4%	361.19827	0.0	y(RW)	['b(FGR)', 'y(FGR)-H2O', 'b(HIQ)-H2O', 'b(HLQ)-H2O', 'a(RSY)-H2O']
370.68828	58.3	1/4	1.2%	?	?	?	?
399.23628	33.8	1/4	3.8%	399.23504	-3.11	b(EIR)	['b(ELR)']
